date,BIL,BNDW,EMLC,FLIN,GLDM,JNK,PDBC,SCHP,VCIT,VGIT,VGLT,VT
2018-01-02,73.336578,,22.965986,,,66.024521,8.680388,20.439623,63.157032,50.684563,58.856499,62.659821
2018-01-03,73.352615,,23.049797,,,66.347862,8.729849,20.458096,63.207737,50.700443,59.092934,63.086430
2018-01-04,73.360634,,23.181519,,,66.437637,8.734794,20.465500,63.193230,50.660751,59.123409,63.462845
2018-01-05,73.360634,,23.157578,,,66.509483,8.700172,20.458096,63.149788,50.628960,58.932762,63.830883
2018-01-08,73.368629,,23.073750,,,66.437637,8.695225,20.435925,63.128021,50.597187,58.871727,63.897781
2018-01-09,73.368629,,23.013880,,,66.275963,8.754579,20.369379,62.954117,50.478024,58.101532,64.006523
2018-01-10,73.368629,,23.001905,,,66.150238,8.789202,20.361988,63.012100,50.493938,58.078636,63.797409
2018-01-11,73.360634,,23.145597,,,66.311928,8.789202,20.343498,63.041080,50.509811,58.292187,64.265823
2018-01-12,73.384705,,23.301245,,,66.204117,8.853500,20.361988,63.019390,50.470085,58.398964,64.776077
2018-01-16,73.368629,,23.349152,,,66.222107,8.799094,20.384169,63.012100,50.446274,58.620102,64.625534
2018-01-17,73.384705,,23.337166,,,66.168221,8.808985,20.376772,62.881672,50.398613,58.513329,65.135750
2018-01-18,73.384705,,23.432964,,,66.114334,8.804039,20.358286,62.736771,50.303295,57.979515,65.001923
2018-01-19,73.392693,,23.397041,,,66.132278,8.779311,20.325014,62.591896,50.215927,57.689728,65.344902
2018-01-22,73.400719,,23.420996,,,66.186188,8.808985,20.306538,62.584648,50.223858,57.743114,65.821663
2018-01-23,73.400719,,23.420996,,,66.383751,8.883177,20.350895,62.765774,50.327114,57.979515,66.005699
2018-01-24,73.408760,,23.732309,,,66.329865,8.967260,20.339802,62.700527,50.263569,57.666870,66.114449
2018-01-25,73.408760,,23.720335,,,66.258057,8.932637,20.369379,62.881672,50.319172,58.132046,66.014076
2018-01-26,73.424797,,23.720335,,,66.311928,8.996938,20.343498,62.772999,50.200050,57.865143,66.691597
2018-01-29,73.408760,,23.552700,,,66.096367,8.967260,20.310223,62.620880,50.144417,57.651627,66.139511
2018-01-30,73.416748,,23.444941,,,65.809006,8.905436,20.254782,62.504963,50.088840,57.285572,65.461967
2018-01-31,73.424797,,23.576651,,,65.916748,8.902962,20.306538,62.584648,50.049095,57.583000,65.520546
2018-02-01,73.421577,,23.741423,,,65.754440,8.967260,20.206720,62.334759,49.882084,56.788181,65.470329
2018-02-02,73.429626,,23.452776,,,65.429688,8.823823,20.180851,62.160389,49.834362,56.230350,64.040001
2018-02-05,73.421577,,23.296419,,,65.014778,8.729849,20.258480,62.385559,50.120712,56.803482,61.580799
2018-02-06,73.429626,,23.464811,,,65.357513,8.695225,20.177145,62.160389,49.969563,56.352573,62.868927
2018-02-07,73.437599,,23.296419,,,65.105003,8.571574,20.121695,62.036907,49.882084,55.848240,62.065933
2018-02-08,73.429626,,23.103992,22.007269,,64.635941,8.499856,20.110601,61.891621,49.945709,55.802383,60.100208
2018-02-09,73.445686,,23.152098,22.007269,,64.365379,8.368786,20.044065,61.768124,49.921837,55.458473,60.735943
2018-02-12,73.445686,,23.224253,22.200237,,64.798302,8.403407,20.051458,61.731796,49.874130,55.748886,61.639328
2018-02-13,73.445686,,23.308453,22.227806,,64.617920,8.433084,20.073635,61.717274,49.945709,55.917019,61.681152
2018-02-14,73.445686,,23.524940,22.328882,,64.726158,8.561683,20.036669,61.506603,49.715046,55.366760,62.659821
2018-02-15,73.453728,,23.693308,22.347260,,65.195198,8.596303,20.058851,61.637363,49.699127,55.580750,63.354076
2018-02-16,73.461746,,23.717379,21.897005,,65.519890,8.616089,20.077337,61.768124,49.786617,55.832928,63.404251
2018-02-20,73.461746,,23.512907,21.658096,,65.285355,8.621034,20.047756,61.637363,49.754803,55.634254,62.927505
2018-02-21,73.453728,,23.440739,21.656261,,65.032814,8.611142,20.018188,61.426750,49.675259,54.946476,62.693275
2018-02-22,73.461746,,23.512907,21.570805,,65.032814,8.705117,20.014486,61.513859,49.738911,55.084026,62.802013
2018-02-23,73.477814,,23.621153,21.901596,,65.411652,8.759524,20.099514,61.717274,49.842312,55.550224,63.646847
2018-02-26,73.461746,,23.645208,22.034836,,65.555984,8.799094,20.129087,61.811687,49.882084,55.603706,64.240738
2018-02-27,73.477814,,23.440739,21.755497,,65.375610,8.705117,20.084728,61.586506,49.738911,55.496689,63.345726
2018-02-28,73.485840,,23.404657,21.630529,,65.321411,8.606196,20.121695,61.630104,49.818436,55.848240,62.609623
2018-03-01,73.493050,,23.352720,21.419186,,65.036972,8.621034,20.177145,61.678917,49.986523,56.252560,61.865170
2018-03-02,73.501106,,23.425201,21.465132,,65.236275,8.611142,20.129087,61.533230,49.859055,55.770123,62.157944
2018-03-05,73.501106,,23.461447,21.593773,,65.200035,8.675443,20.121695,61.474957,49.827206,55.639942,62.659821
2018-03-06,73.501106,,23.533930,21.318110,,65.290680,8.695225,20.125393,61.533230,49.811272,55.678230,63.027882
2018-03-07,73.501106,,23.497686,21.226223,,65.127556,8.591358,20.125393,61.555077,49.835175,55.662945,62.952599
2018-03-08,73.493050,,23.401047,21.198654,,65.181908,8.551790,20.158661,61.620667,49.882980,55.946259,63.195160
2018-03-09,73.509148,,23.437283,21.207842,,65.399361,8.630927,20.106901,61.474957,49.819248,55.601646,63.989792
2018-03-12,73.517204,,23.449371,21.531290,,65.326904,8.591358,20.114304,61.518658,49.874996,55.930912,64.056717
2018-03-13,73.517204,,23.425201,21.538641,,65.127556,8.581466,20.136484,61.504078,49.938736,56.175964,63.613407
2018-03-14,73.517204,,23.485615,21.538641,,65.055092,8.586412,20.188240,61.591499,49.978565,56.658405,63.546455
2018-03-15,73.509148,,23.352720,21.400812,,65.091339,8.571574,20.177145,61.555077,49.954674,56.643074,63.446110
2018-03-16,73.525192,,23.328552,21.253786,,65.181908,8.621034,20.154959,61.598770,49.906876,56.382725,63.454445
2018-03-19,73.525192,,23.256073,20.794344,,64.964470,8.571574,20.121695,61.453156,49.882980,56.306160,62.785301
2018-03-20,73.517204,,23.183575,20.794344,,65.055092,8.611142,20.114304,61.300179,49.819248,56.053459,62.935841
2018-03-21,73.533272,,23.401047,21.171089,,65.109428,8.794147,20.154959,61.271038,49.859055,56.107067,62.986042
2018-03-22,73.541313,,23.352720,20.780558,,64.710808,8.724903,20.191938,61.365749,49.994484,56.650742,61.513878
2018-03-23,73.549332,,23.388962,20.674894,,64.547676,8.804039,20.203020,61.285618,50.058224,56.635422,60.476658
2018-03-26,73.541313,,23.618492,21.060822,,64.946350,8.794147,20.180851,61.292934,49.946705,56.420994,61.901184
2018-03-27,73.557358,,23.546028,21.115953,,64.855751,8.759524,20.265873,61.547794,50.129894,57.002987,61.078526
2018-03-28,73.565399,,23.533930,20.968933,,64.819489,8.724903,20.258480,61.598770,50.106007,57.125488,61.053349
2018-03-29,73.581482,,23.678907,21.272163,,64.964470,8.789202,20.288044,61.788136,50.169758,57.447124,61.808853
2018-04-02,73.577438,,23.584232,21.088388,,64.800705,8.685333,20.319929,61.780830,50.196884,57.520058,60.583260
2018-04-03,73.569374,,23.572090,21.262974,,64.928108,8.705117,20.286573,61.627377,50.101109,57.090218,61.221237
2018-04-04,73.585526,,23.608501,21.410000,,65.091850,8.695225,20.293980,61.649323,50.077175,56.982746,61.708118
2018-04-05,73.593559,,23.499262,21.557020,,65.146446,8.729849,20.238377,61.642006,49.989426,56.575943,62.035492
2018-04-06,73.593559,,23.426434,21.410000,,65.037247,8.660604,20.312515,61.788143,50.172932,57.205357,61.036564
2018-04-09,73.601578,,23.341467,21.704039,,65.273811,8.779311,20.327351,61.824703,50.164967,57.259060,61.405918
2018-04-10,73.593559,,23.280775,21.704039,,65.510391,8.927692,20.312515,61.802788,50.093159,57.182335,62.312523
2018-04-11,73.609619,,23.353605,21.566208,,65.510391,8.987044,20.364397,61.853886,50.093159,57.374245,62.027115
2018-04-12,73.609619,,23.365747,21.740797,,65.765129,8.967260,20.338455,61.758945,49.973450,56.952038,62.396458
2018-04-13,73.609619,,23.414299,21.658096,,65.801537,8.977154,20.342161,61.751617,49.997395,57.082565,62.228580
2018-04-16,73.625755,,23.462847,21.740797,,65.892548,8.937585,20.345871,61.707790,49.989426,57.082565,62.547554
2018-04-17,73.625755,,23.474983,21.740797,,65.928917,8.947475,20.375525,61.744308,49.997395,57.236050,63.051212
2018-04-18,73.617691,,23.584232,21.740797,,65.856163,9.120590,20.338455,61.503223,49.853767,56.775532,63.294678
2018-04-19,73.633797,,23.487122,21.740797,,65.674179,9.090912,20.308809,61.379009,49.789940,56.345726,62.883350
2018-04-20,73.633797,,23.292906,21.740797,,65.492226,9.076076,20.234680,61.203674,49.694187,55.946575,62.472042
2018-04-23,73.633797,,23.025871,21.455938,,65.292046,9.081022,20.238377,61.137894,49.630360,55.977272,62.396458
2018-04-24,73.641830,,23.063692,21.722420,,65.182846,9.026613,20.167957,61.072151,49.630360,55.708622,61.884411
2018-04-25,73.649849,,22.917332,21.345676,,65.091850,9.041453,20.153133,60.955212,49.590431,55.370934,61.859219
2018-04-26,73.657921,,22.917332,21.500965,,65.310234,9.076076,20.201311,61.057541,49.646328,55.739334,62.379677
2018-04-27,73.665962,,23.014894,21.648907,,65.273811,9.076076,20.249500,61.159805,49.726112,56.123104,62.488796
2018-04-30,73.657921,,22.844151,21.704039,,65.273811,9.115644,20.286573,61.130596,49.726112,56.276630,62.069084
2018-05-01,73.663551,,22.673405,21.510157,,65.261040,9.051345,20.230032,61.033134,49.678947,56.036591,62.035492
2018-05-02,73.671600,,22.490454,21.501886,,65.261040,9.041453,20.241190,61.055153,49.710915,55.982727,61.800476
2018-05-03,73.671600,,22.466059,21.226223,,65.242760,9.105750,20.267233,61.033134,49.766853,56.228912,61.775261
2018-05-04,73.687737,,22.478256,21.180275,,65.279312,9.170051,20.274662,61.099075,49.782829,56.290447,62.304115
2018-05-07,73.687737,,22.283115,21.168331,,65.334152,9.165106,20.278379,61.091759,49.766853,56.221230,62.396458
2018-05-08,73.695778,,22.002588,21.168331,,65.261040,9.194781,20.252346,61.011147,49.726921,56.175087,62.404861
2018-05-09,73.695778,,21.990391,21.171089,,65.352448,9.268973,20.241190,60.981865,49.639008,55.875004,62.782616
2018-05-10,73.695778,,22.368486,21.171089,,65.498672,9.293703,20.270941,61.135715,49.678947,56.282764,63.361851
2018-05-11,73.695778,,22.283115,21.201410,,65.462105,9.254135,20.267233,61.172348,49.702923,56.413570,63.496162
2018-05-14,73.695778,,22.148939,21.134335,,65.480453,9.308541,20.218872,61.091759,49.639008,56.121227,63.588482
2018-05-15,73.711891,,21.905018,20.766781,,65.151352,9.318433,20.159363,60.776691,49.479141,55.505768,63.017662
2018-05-16,73.719963,,21.990391,20.766781,,65.261040,9.367896,20.125883,60.718124,49.399212,55.298077,63.336658
2018-05-17,73.719963,,21.770855,20.785154,,65.261040,9.377786,20.096123,60.696098,49.407211,55.021095,63.319855
2018-05-18,73.727997,,21.563519,20.785154,,65.187904,9.387678,20.148211,60.871948,49.543079,55.498093,63.109993
2018-05-21,73.727997,,21.624495,20.347767,,65.261040,9.466815,20.159363,60.901268,49.551067,55.505768,63.470955
2018-05-22,73.727997,,21.770855,20.518684,,65.297592,9.476708,20.144491,60.886627,49.559071,55.444221,63.412193
2018-05-23,73.736061,,21.819647,20.518684,,65.334152,9.516276,20.204004,61.113743,49.694946,55.821190,63.227531
2018-05-24,73.752159,,21.770855,20.373497,,65.352448,9.456926,20.215149,61.245644,49.758888,56.244335,63.118385
2018-05-25,73.760208,,21.673290,20.730022,,65.261040,9.333272,20.252346,61.399498,49.934700,56.582817,62.908531
2018-05-29,73.760208,,21.478136,20.730022,,64.968544,9.244243,20.375095,61.751179,50.310341,57.775215,61.934776
2018-05-30,73.752159,,21.685482,20.730022,,65.206200,9.348108,20.341614,61.472767,50.150467,57.398296,62.740639
2018-05-31,73.768288,,21.612307,20.931261,,65.114746,9.318433,20.337902,61.487419,50.118515,57.336727,62.421635
2018-06-01,73.773140,,21.607399,21.106766,,65.219482,9.249189,20.311062,61.366150,49.993618,56.995922,63.026051
2018-06-04,73.781204,,21.680975,20.950554,,65.403130,9.150267,20.273788,61.248535,49.865532,56.602699,63.345062
2018-06-05,73.781204,,21.558332,20.950554,,65.531731,9.140373,20.307335,61.314674,49.953602,56.756908,63.328255
2018-06-06,73.773140,,21.631924,21.180275,,65.623543,9.165106,20.273788,61.145657,49.809528,56.294273,63.882294
2018-06-07,73.781204,,21.423445,21.014877,,65.660309,9.219510,20.322231,61.314674,49.961609,56.857140,63.664047
2018-06-08,73.797325,,21.497026,21.253786,,65.660309,9.214565,20.296148,61.263241,49.921597,56.656670,63.806736
2018-06-11,73.805412,,21.411182,21.235411,,65.770485,9.194781,20.296148,61.197113,49.889568,56.556442,63.966251
2018-06-12,73.805412,,21.300812,21.299732,,65.843933,9.194781,20.281239,61.175053,49.857544,56.556442,63.899097
2018-06-13,73.797325,,21.264025,21.327295,,65.843933,9.234349,20.273788,61.153019,49.801487,56.525570,63.706001
2018-06-14,73.821526,,20.994242,21.120552,,66.045975,9.135428,20.311062,61.329414,49.889568,56.980499,63.773144
2018-06-15,73.821526,,21.018782,20.987310,,66.027588,8.907908,20.329700,61.307323,49.921597,57.011364,63.504551
2018-06-18,73.813461,,20.932922,20.950554,,65.990898,8.982100,20.348333,61.270611,49.937592,56.988216,63.202335
2018-06-19,73.829590,,20.945198,20.761265,,65.899063,8.902962,20.374413,61.329414,50.009644,57.288883,62.774216
2018-06-20,73.821526,,20.957458,20.919777,,65.972466,8.883177,20.314777,61.167728,49.929577,56.834042,62.992481
2018-06-21,73.829590,,20.969713,20.928068,,65.843933,8.823823,20.355785,61.138321,50.009644,57.096161,62.472042
2018-06-22,73.837654,,21.116875,21.067228,,65.862320,9.001884,20.381880,61.167728,50.025661,57.134720,62.844982
2018-06-25,73.853806,,21.006506,20.836834,,65.715378,8.902962,20.385601,61.145657,50.057678,57.250374,61.948513
2018-06-26,73.845718,,20.994242,20.827620,25.176001,65.715378,8.987044,20.411707,61.285316,50.089699,57.296658,62.016201
2018-06-27,73.861877,,20.773512,20.440557,25.040001,65.550064,9.036508,20.482523,61.432312,50.217781,57.844051,61.432636
2018-06-28,73.861877,,20.883875,20.173298,24.972000,65.311310,9.036508,20.467613,61.388184,50.177761,57.828648,61.745537
2018-06-29,73.878006,,20.871603,20.689379,25.049999,65.164368,9.130482,20.467613,61.380848,50.153748,57.659061,62.050030
2018-07-02,73.867485,,20.759428,20.624872,24.820000,65.157013,8.957370,20.491531,61.351349,50.097607,57.645096,61.830120
2018-07-03,73.883652,,20.895029,20.735464,25.080000,65.193909,8.907908,20.521425,61.520878,50.177795,57.907879,61.762459
2018-07-05,73.883652,,21.042965,20.735464,25.160000,65.452217,8.982100,20.540113,61.712524,50.193855,58.046982,62.252972
2018-07-06,73.899811,,21.203217,20.753895,25.114000,65.618309,9.011775,20.570013,61.705124,50.225918,58.240177,62.650482
2018-07-09,73.899811,,21.264866,21.010094,25.180000,65.729042,9.071130,20.528906,61.660965,50.153732,57.907879,63.276287
2018-07-10,73.907906,,21.375803,21.150169,25.120001,65.729042,9.066184,20.510220,61.616673,50.113628,57.900143,63.386204
2018-07-11,73.907906,,21.042965,21.071838,24.860001,65.673714,8.759524,20.528906,61.690411,50.185795,58.116528,62.684288
2018-07-12,73.907906,,21.153915,21.260759,24.940001,65.858215,8.789202,20.502741,61.786221,50.161762,58.085640,63.174820
2018-07-13,73.915993,,21.166235,21.203623,24.820000,65.858215,8.808985,20.540113,61.845154,50.249958,58.278828,63.250916
2018-07-16,73.924057,,21.203217,20.901346,24.840000,65.802864,8.621034,20.499006,61.764088,50.177795,58.023827,63.166355
2018-07-17,73.924057,,21.215549,21.196251,24.580000,65.858215,8.635871,20.469109,61.741962,50.153732,57.892406,63.411621
2018-07-18,73.932106,,21.203217,21.196251,24.540001,65.913582,8.690279,20.435471,61.741962,50.129677,57.683784,63.453888
2018-07-19,73.940193,,21.042965,20.938206,24.440001,65.876656,8.685333,20.465364,61.867317,50.225918,58.023827,63.217117
2018-07-20,73.948303,,21.203217,21.140032,24.600000,65.895142,8.749634,20.409315,61.771496,50.129677,57.351429,63.335506
2018-07-23,73.940193,,21.215549,21.205463,24.500000,65.895142,8.784255,20.327089,61.557735,49.969322,56.679085,63.335506
2018-07-24,73.956360,,21.215549,21.205463,24.480000,66.024292,8.828771,20.327089,61.675652,50.001400,56.856819,63.614601
2018-07-25,73.948303,,21.499084,21.205463,24.639999,66.134995,8.942530,20.327089,61.660965,49.953274,56.756348,64.274239
2018-07-26,73.956360,,21.388134,21.485622,24.459999,66.171913,8.942530,20.319611,61.705124,49.905167,56.686806,64.003609
2018-07-27,73.972496,,21.462099,21.641369,24.459999,66.134995,8.912853,20.349512,61.793591,49.969322,56.764111,63.809097
2018-07-30,73.964447,,21.523737,21.776842,24.440001,66.190353,8.962316,20.345772,61.712524,49.961296,56.578621,63.589230
2018-07-31,73.980576,,21.474424,21.933510,24.500000,66.319527,8.902962,20.360727,61.867317,49.993362,56.879990,63.834461
2018-08-01,73.984634,,21.440956,21.905861,24.330000,66.376991,8.781782,20.323206,61.768929,49.921078,56.450092,63.606125
2018-08-02,73.992683,,21.292236,21.905861,24.180000,66.395531,8.823823,20.326962,61.820736,49.985352,56.504318,63.614601
2018-08-03,73.992683,,21.329418,21.933510,24.280001,66.488197,8.863394,20.371981,61.961208,50.065659,56.767689,63.834461
2018-08-06,74.000816,,21.230272,21.933510,24.139999,66.525246,8.873285,20.371981,62.035088,50.081730,56.806412,63.834461
2018-08-07,74.008896,,21.329418,21.933510,24.200001,66.599464,8.947475,20.353224,61.916813,50.017464,56.550781,64.079720
2018-08-08,74.000816,,21.267456,21.933510,24.260000,66.599464,8.823823,20.353224,61.894638,50.041592,56.620499,64.037422
2018-08-09,74.008896,,21.069147,21.933510,24.240000,66.488197,8.804039,20.398241,61.939022,50.129906,57.031075,63.893661
2018-08-10,74.025108,,20.523836,21.933510,24.219999,66.376991,8.799094,20.462029,62.049896,50.282532,57.472618,63.174820
2018-08-13,74.033173,,20.288361,21.481937,23.879999,66.358467,8.744687,20.462029,62.057285,50.282532,57.348663,62.836517
2018-08-14,74.017006,,20.474262,21.591608,23.879999,66.451126,8.769417,20.424500,62.123852,50.242371,57.232479,63.132534
2018-08-15,74.033173,,20.263563,21.117914,23.480000,66.302879,8.566628,20.462029,62.175575,50.338768,57.542347,62.430580
2018-08-16,74.033173,,20.337929,21.454287,23.472000,66.414070,8.645764,20.450764,62.182968,50.290581,57.542347,62.904167
2018-08-17,74.041245,,20.387506,21.454287,23.660000,66.469650,8.680388,20.454523,62.286488,50.298618,57.635300,63.183266
2018-08-20,74.041245,,20.362717,21.831215,23.792000,66.525246,8.700172,20.518303,62.412167,50.435146,57.968403,63.428520
2018-08-21,74.049355,,20.437071,21.887428,23.860001,66.655045,8.715011,20.495785,62.286488,50.370907,57.805775,63.682236
2018-08-22,74.049355,,20.511440,22.044100,23.920000,66.673569,8.838664,20.529558,62.323437,50.435146,58.030380,63.851364
2018-08-23,74.073601,,20.313150,21.749197,23.700001,66.636475,8.823823,20.548311,62.301243,50.427132,58.084652,63.555382
2018-08-24,74.073601,,20.499046,22.071743,24.120001,66.747704,8.888123,20.567072,62.412167,50.427132,58.208584,64.012070
2018-08-27,74.081718,,20.573408,22.181410,24.200001,66.784775,8.917800,20.540812,62.330891,50.362862,57.875469,64.688629
2018-08-28,74.081718,,20.437071,22.117826,24.020000,66.784775,8.883177,20.499542,62.182968,50.266491,57.557865,64.637886
2018-08-29,74.073601,,20.313150,21.980511,24.120001,66.747704,8.977154,20.492044,62.153385,50.258450,57.635300,64.942352
2018-08-30,74.106018,,20.040480,21.684683,24.020000,66.673569,8.962316,20.518303,62.205151,50.330723,57.743774,64.401100
2018-08-31,74.097900,,20.028095,21.859785,24.000000,66.729141,8.982100,20.499542,62.227318,50.346798,57.627579,64.384178
2018-09-04,74.104347,,19.699148,21.223896,23.860001,66.673317,8.927692,20.456646,62.144318,50.288044,57.289806,63.978222
2018-09-05,74.096252,,19.686682,21.168602,23.910000,66.598793,8.898015,20.452883,62.107193,50.304157,57.157776,63.555382
2018-09-06,74.112488,58.468349,19.748981,21.242327,23.980000,66.598793,8.838664,20.460415,62.225830,50.368511,57.328602,63.420067
2018-09-07,74.128670,58.336071,19.786369,21.306837,23.920000,66.598793,8.863394,20.411499,62.010853,50.199543,56.862736,63.132534
2018-09-10,74.128670,58.367184,19.773907,20.855265,23.898001,66.729179,8.883177,20.419025,62.055321,50.191463,57.056858,63.284756
2018-09-11,74.136795,58.312695,19.761446,20.684772,23.920000,66.747803,8.972207,20.381397,61.951466,50.094906,56.660824,63.411621
2018-09-12,74.136795,58.351612,19.873573,21.019308,24.114000,66.896759,9.041453,20.396441,62.047890,50.127102,56.785061,63.530014
2018-09-13,74.136795,58.343842,20.035564,21.334484,24.000000,67.008522,8.947475,20.366343,62.092346,50.127102,56.847198,63.927475
2018-09-14,74.144897,58.273811,19.985731,21.349228,23.879999,67.083046,8.898015,20.336245,61.973770,50.030544,56.598717,63.969780
2018-09-17,74.161095,58.289356,19.998186,20.870008,24.020000,67.008522,8.883177,20.332474,61.966301,50.070778,56.614258,63.741451
2018-09-18,74.161095,58.211544,20.035564,20.707815,23.959999,67.008522,8.957370,20.283571,61.840290,49.933968,56.016361,64.189659
2018-09-19,74.161095,58.133713,20.185085,20.892132,24.059999,66.878166,9.016722,20.272289,61.795788,49.893723,55.736824,64.350342
2018-09-20,74.177284,58.164852,20.409365,21.131741,24.139999,66.971306,9.016722,20.283571,61.840290,49.909821,55.946472,64.950829
2018-09-21,74.177284,58.188171,20.434284,20.569578,23.959999,67.008522,9.041453,20.302383,61.803207,49.917873,55.946472,64.933884
2018-09-24,74.185402,58.094807,20.421818,20.081146,23.959999,66.934036,9.160158,20.283571,61.751316,49.901775,55.798923,64.646355
2018-09-25,74.185402,58.055897,20.359528,20.348394,24.020000,66.952652,9.199726,20.276049,61.736473,49.853493,55.744568,64.730934
2018-09-26,74.185402,58.180397,20.546417,20.422125,23.900000,66.971306,9.150267,20.302383,61.892178,49.950069,56.125042,64.622131
2018-09-27,74.201614,58.219318,20.571346,20.210161,23.680000,67.101646,9.179944,20.317432,61.966301,49.950069,56.156139,64.673134
2018-09-28,74.201614,58.195965,20.509045,19.970549,23.820000,67.138885,9.283811,20.302383,61.936668,49.966148,56.039616,64.435196
2018-10-01,74.206444,58.108707,20.539101,20.016630,23.799999,67.354126,9.456926,20.258284,61.920311,49.924217,55.611538,64.639145
2018-10-02,74.214569,58.186623,20.514061,19.887609,24.059999,67.260567,9.496492,20.295969,61.950062,49.980675,55.969601,64.333244
2018-10-03,74.214569,57.976173,20.376293,19.399174,23.980000,67.148239,9.590466,20.197981,61.712067,49.787148,54.996681,64.333244
2018-10-04,74.230827,57.851460,20.163389,18.892307,24.000000,66.848808,9.481655,20.145216,61.488976,49.706532,54.630863,63.627956
2018-10-05,74.238945,57.718922,20.263578,18.265640,24.059999,66.530647,9.461868,20.073606,61.377399,49.650105,54.194981,63.245583
2018-10-08,74.238945,57.750134,20.301142,18.523676,23.780001,66.380981,9.437140,20.081146,61.377399,49.666233,54.023758,63.109627
2018-10-09,74.230827,57.789097,20.351250,18.214027,23.799999,66.455833,9.486600,20.118841,61.399712,49.706532,54.529675,62.956684
2018-10-10,74.247040,57.773533,20.200962,18.276693,23.840000,65.931778,9.323380,20.115068,61.355106,49.738792,54.389568,61.172237
2018-10-11,74.255173,57.890411,20.313671,18.274853,24.440001,66.100220,9.174996,20.133915,61.533581,49.843605,55.027809,60.101578
2018-10-12,74.255173,57.913803,20.313671,18.809366,24.340000,66.437088,9.249189,20.107540,61.496365,49.827480,54.833237,60.781364
2018-10-15,74.263290,57.906052,20.451435,18.809366,24.480000,66.287384,9.268973,20.126377,61.496365,49.843605,54.872147,60.526440
2018-10-16,74.271400,57.952793,20.701914,19.288586,24.480000,66.568092,9.313487,20.130150,61.541027,49.827480,54.918835,61.724567
2018-10-17,74.271400,57.929379,20.726959,18.726425,24.480000,66.493263,9.229403,20.077377,61.384842,49.738792,54.630863,61.478146
2018-10-18,74.271400,57.937222,20.551619,18.431520,24.500000,66.193817,9.130482,20.062302,61.384842,49.819431,54.623085,60.526440
2018-10-19,74.279518,57.906052,20.626768,18.413088,24.520000,66.193817,9.179944,20.050995,61.310509,49.746872,54.514107,60.585915
2018-10-22,74.295731,57.906052,20.551619,18.191912,24.459999,66.212494,9.189834,20.043467,61.317894,49.771038,54.451855,60.415966
2018-10-23,74.295731,58.022942,20.526573,18.118187,24.600000,66.175095,8.987044,20.032148,61.422043,49.883911,54.615284,59.999615
2018-10-24,74.303864,58.077496,20.288624,18.155045,24.639999,65.875671,8.932637,20.092451,61.533581,50.069363,55.027809,58.164200
2018-10-25,74.311966,58.069695,20.363764,18.145834,24.580000,65.969246,8.957370,20.024611,61.466637,49.972603,54.794338,59.132870
2018-10-26,74.320099,58.202217,20.463959,18.061047,24.680000,65.669777,9.036508,20.115068,61.615410,50.141914,55.136780,58.410610
2018-10-29,74.320099,58.178806,20.288624,18.026028,24.580000,65.669777,8.937585,20.096224,61.563324,50.125801,55.012249,58.011227
2018-10-30,74.320099,58.038525,20.326200,18.370699,24.440001,65.707184,8.893069,20.054766,61.459244,50.045177,54.763206,58.860950
2018-10-31,74.328186,58.015137,20.200962,18.542107,24.320000,65.800812,8.774364,20.002005,61.392284,49.948421,54.444057,59.396290
2018-11-01,74.344452,58.019840,20.432041,18.902445,24.660000,66.043396,8.710064,19.983122,61.493023,50.014652,54.545513,60.331013
2018-11-02,74.344452,57.918331,20.539070,18.984467,24.639999,66.080971,8.695225,19.922747,61.254238,49.836937,53.882294,60.203537
2018-11-05,74.352585,57.949528,20.608345,19.161407,24.600000,66.137390,8.685333,19.956709,61.299019,49.869244,54.077366,60.364994
2018-11-06,74.352585,57.941761,20.646109,19.122700,24.520000,66.269073,8.660604,19.941618,61.313946,49.812683,54.038372,60.670898
2018-11-07,74.360710,57.949528,20.740564,19.122700,24.520000,66.588745,8.650711,19.964254,61.433304,49.796539,54.108570,61.716068
2018-11-08,74.368835,57.910534,20.520193,19.316235,24.459999,66.494720,8.586412,19.926516,61.276615,49.739990,54.085159,61.223225
2018-11-09,74.385109,57.996391,20.457224,19.316235,24.180000,66.080971,8.482544,19.971804,61.358727,49.885399,54.483070,60.738876
2018-11-12,74.376953,58.051033,20.274618,19.031467,24.000000,65.667282,8.462759,20.020872,61.343761,50.014652,54.826366,59.668213
2018-11-13,74.385109,58.035419,20.224243,19.343885,24.020000,65.573242,8.210509,19.998226,61.373611,50.014652,54.763931,59.761696
2018-11-14,74.376953,58.051033,20.381659,19.408390,24.219999,65.422806,8.289646,20.005779,61.269169,50.103527,54.849792,59.557751
2018-11-15,74.401390,58.074486,20.557970,19.546631,24.240000,65.385208,8.274808,20.032187,61.299019,50.135834,54.826366,60.084595
2018-11-16,74.409523,58.144764,20.778339,19.878397,24.420000,65.084320,8.334161,20.103893,61.410957,50.248943,55.115047,60.203537
2018-11-19,74.401390,58.160374,20.677599,19.878397,24.459999,65.009094,8.314377,20.100117,61.306465,50.297409,55.271099,59.379295
2018-11-20,74.417648,58.152569,20.570553,19.555845,24.440001,64.708244,8.027505,20.058603,61.269169,50.281258,55.294498,58.291649
2018-11-21,74.433868,58.191608,20.677599,19.767801,24.500000,64.990280,8.101695,20.054834,61.299019,50.265091,55.294498,58.835476
2018-11-23,74.433868,58.230621,20.633516,19.767801,24.440001,64.689400,7.859336,20.020872,61.321411,50.289345,55.310104,58.461605
2018-11-26,74.441994,58.199379,20.520193,19.693159,24.440001,64.971481,7.893960,20.013317,61.284126,50.281258,55.232086,59.311329
2018-11-27,74.441994,58.246262,20.526478,19.873787,24.280001,64.971481,7.859336,19.952936,61.276615,50.297409,55.286713,59.319820
2018-11-28,74.450134,58.246262,20.690191,20.274675,24.400000,65.460426,7.819767,19.971804,61.425877,50.329727,55.013626,60.458473
2018-11-29,74.458260,58.300930,20.790939,20.505068,24.459999,65.498032,7.864283,20.081251,61.306465,50.402439,55.255486,60.305519
2018-11-30,74.466400,58.324333,20.746868,20.431343,24.440001,65.310013,7.832133,20.085022,61.261707,50.434761,55.450554,60.424454
2018-12-03,74.463936,58.390804,20.832954,20.283888,24.580000,65.772919,8.012668,20.122828,61.412109,50.481712,55.834538,61.248726
2018-12-04,74.472076,58.547245,20.712679,20.062712,24.760000,65.432777,8.012668,20.194635,61.382187,50.619316,56.710354,59.447281
2018-12-06,74.488403,58.609787,20.700008,19.746609,24.760000,65.149384,7.943420,20.187080,61.509441,50.708328,56.921505,59.141373
2018-12-07,74.496490,58.711475,20.681019,19.555845,24.940001,65.092697,8.042342,20.213531,61.599239,50.821640,56.991852,58.053711
2018-12-10,74.504662,58.750584,20.611395,18.577131,24.879999,65.036003,7.903852,20.179516,61.666626,50.854023,57.249943,57.926258
2018-12-11,74.496490,58.742764,20.592400,19.134684,24.860001,65.206055,7.963205,20.088800,61.666626,50.748806,57.242085,57.951759
2018-12-12,74.512810,58.688000,20.731663,19.736473,24.900000,65.395004,7.933528,20.069906,61.614231,50.667854,56.984070,58.580559
2018-12-13,74.520950,58.727104,20.687361,19.850750,24.840000,65.565048,8.032450,20.077471,61.748917,50.684055,56.866737,58.470093
2018-12-14,74.529099,58.789684,20.573414,19.850750,24.740000,65.281624,7.913743,20.088800,61.763874,50.789242,57.046612,57.552380
2018-12-17,74.537247,58.852222,20.655703,19.878397,24.920000,64.847061,7.824714,20.119041,61.808796,50.894489,57.375053,56.600685
2018-12-18,74.537247,58.953896,20.737993,20.467283,24.959999,64.658104,7.661492,20.160620,61.965950,50.959232,57.703476,56.677155
2018-12-19,74.529083,59.032135,20.693687,20.238729,24.840000,64.075096,7.701061,20.211071,61.868649,51.064457,58.430767,55.946381
2018-12-20,74.545380,59.024307,20.794971,20.549398,25.200001,63.429386,7.631816,20.154169,61.778843,50.999702,58.219616,55.351570
2018-12-21,74.561691,58.930477,20.725338,20.127449,25.100000,63.049599,7.537840,20.150377,61.876141,51.040176,58.227448,54.391376
2018-12-24,74.569839,58.982689,20.737993,19.896534,25.400000,62.574810,7.488386,20.165556,61.782284,51.183723,58.490818,53.371559
2018-12-26,74.561691,58.927288,20.750662,20.253567,25.299999,63.638264,7.633256,20.131411,61.609562,50.989059,57.902836,55.358112
2018-12-27,74.586205,59.069710,20.879238,20.327759,25.480000,63.600334,7.558323,20.138987,61.797295,51.151283,57.902836,55.666359
2018-12-28,74.594330,59.038074,20.955627,20.556814,25.580000,63.695297,7.483389,20.188314,62.022533,51.337833,58.349739,55.726311
2018-12-31,74.602486,59.180504,21.006556,20.531773,25.639999,63.790234,7.528348,20.199692,62.217781,51.475697,58.569248,56.051693
2019-01-02,74.594330,59.315025,21.038382,20.348156,25.660000,63.714214,7.553327,20.237619,62.300369,51.491924,58.922020,55.983200
2019-01-03,74.618782,59.386265,21.114769,19.933630,25.879999,63.733273,7.608279,20.362812,62.443050,51.832527,59.588413,55.109791
2019-01-04,74.626930,59.275433,21.363043,20.455734,25.680000,64.777748,7.718182,20.309690,62.307896,51.524349,58.890652,56.899395
2019-01-07,74.626930,59.133022,21.509439,20.217405,25.780001,65.499420,7.778128,20.305906,62.225315,51.386494,58.733849,57.250473
2019-01-08,74.626930,59.046043,21.401222,20.273972,25.700001,65.955223,7.843071,20.317282,62.277874,51.305389,58.592751,57.712856
2019-01-09,74.626930,59.212128,21.547632,20.229458,25.860001,66.050125,8.007926,20.343843,62.510654,51.329712,58.459461,58.252319
2019-01-10,74.635101,59.125111,21.579460,20.267479,25.719999,66.372993,7.997935,20.298311,62.405495,51.337833,58.130230,58.517761
2019-01-11,74.651436,59.212128,21.503073,20.160833,25.740000,66.145103,7.967961,20.355215,62.585720,51.427040,58.357563,58.295135
2019-01-14,74.643280,59.172585,21.541271,19.935484,25.820000,65.955223,7.883037,20.313492,62.540634,51.427040,58.145874,57.978313
2019-01-15,74.659576,59.259624,21.566734,20.104263,25.740000,66.126091,7.952974,20.290730,62.585720,51.418930,57.934219,58.500618
2019-01-16,74.667747,59.259624,21.541271,20.257278,25.840000,66.259048,8.002931,20.290730,62.698368,51.386494,58.004795,58.697586
2019-01-17,74.684052,59.291271,21.547632,20.312920,25.799999,66.429993,8.002931,20.283148,62.705856,51.337833,58.004795,59.031521
2019-01-18,74.684052,59.259624,21.503073,20.218327,25.580000,66.600906,8.077865,20.256590,62.765892,51.224277,57.683369,59.673725
2019-01-22,74.692230,59.362484,21.477613,20.013380,25.660000,66.221062,8.027908,20.267967,62.848488,51.313496,58.067497,58.826019
2019-01-23,74.692230,59.402096,21.579460,20.052332,25.620001,66.335007,8.017917,20.249002,63.013714,51.321598,58.059666,58.963020
2019-01-24,74.716698,59.536568,21.541271,20.216476,25.600000,66.410980,8.032904,20.264181,63.163883,51.427040,58.420269,59.142845
2019-01-25,74.708496,59.536568,21.694050,20.075518,25.980000,66.562881,8.072868,20.241417,63.141396,51.337833,58.177254,59.742218
2019-01-28,74.716698,59.457451,21.662212,19.739809,26.059999,66.467964,7.972957,20.226240,63.156380,51.337833,58.106701,59.356895
2019-01-29,74.716698,59.584076,21.719503,19.682316,26.200001,66.448952,8.037898,20.264181,63.284023,51.443253,58.388920,59.391167
2019-01-30,74.732994,59.671089,21.986855,19.845530,26.340000,66.961723,8.102841,20.377983,63.576843,51.564919,58.326206,60.230297
2019-01-31,74.732994,59.813534,22.133268,20.138577,26.370001,67.132622,8.077865,20.506950,63.944817,51.702782,58.851463,60.530003
2019-02-01,74.740356,59.739017,22.116636,19.992979,26.320000,67.103973,8.152798,20.442465,63.710640,51.511009,58.485279,60.538567
2019-02-04,74.748505,59.683559,22.110226,20.000399,26.219999,67.256638,8.152798,20.396944,63.665455,51.470390,58.218113,60.855370
2019-02-05,74.748505,59.778664,22.180628,20.141359,26.260000,67.485588,8.107838,20.423504,63.808521,51.511009,58.485279,61.274971
2019-02-06,74.764862,59.794544,22.027044,20.197926,26.100000,67.504654,8.122824,20.404526,63.793446,51.567905,58.508854,61.018089
2019-02-07,74.764862,59.849998,21.943855,20.393600,26.160000,67.218452,8.047892,20.423504,63.846153,51.649139,58.893898,60.427250
2019-02-08,74.781212,59.929264,21.905449,20.003181,26.240000,67.218452,8.052886,20.446255,63.928997,51.706036,59.145317,60.315937
2019-02-11,74.773010,59.897560,21.739054,19.916939,26.120001,67.237541,8.007926,20.408331,63.838615,51.657272,58.925327,60.315937
2019-02-12,74.789406,59.849998,21.879852,20.118174,26.200001,67.580971,8.052886,20.404526,63.891335,51.584152,58.776031,61.052322
2019-02-13,74.789406,59.810371,21.681465,19.836258,26.100000,67.504654,8.107838,20.396944,63.785919,51.519146,58.563885,61.078030
2019-02-14,74.805733,59.881733,21.726267,19.872423,26.219999,67.523750,8.132815,20.446255,63.898869,51.657272,58.886013,61.069454
2019-02-15,74.805733,59.921322,21.822258,19.622965,26.389999,67.733627,8.282682,20.469021,63.928997,51.624763,58.980324,61.737347
2019-02-19,74.822113,59.968868,21.841461,19.476440,26.788000,67.752708,8.307661,20.506950,63.966640,51.714169,59.121769,61.891487
2019-02-20,74.822113,59.960960,21.854254,19.724974,26.760000,67.848106,8.337635,20.518337,63.959110,51.681660,58.988182,62.122673
2019-02-21,74.830254,59.913403,21.822258,19.758360,26.440001,67.790886,8.357616,20.476610,63.868736,51.608532,58.461742,61.891487
2019-02-22,74.846619,60.040188,21.899054,19.928991,26.540001,67.905350,8.382594,20.533504,64.102150,51.689762,58.791733,62.285343
2019-02-25,74.838425,59.968868,21.950245,20.164541,26.520000,67.962578,8.247714,20.518337,64.087128,51.665405,58.618862,62.448040
2019-02-26,74.846619,60.016472,21.988640,20.099625,26.540001,68.096115,8.287679,20.552469,64.200081,51.771046,58.878166,62.516548
2019-02-27,74.854752,59.937180,21.982243,19.966091,26.379999,68.096115,8.327644,20.499367,64.124771,51.665405,58.273144,62.439472
2019-02-28,74.871101,59.857933,21.841461,20.071808,26.240000,68.096115,8.312656,20.472809,64.034431,51.576012,58.100239,62.233982
2019-03-01,74.879318,59.759506,21.788095,20.073664,25.780001,68.236137,8.222735,20.415911,63.960411,51.461216,57.543514,62.550804
2019-03-04,74.871101,59.854740,21.723806,20.037497,25.719999,68.159409,8.242719,20.446255,64.058540,51.567074,58.000217,62.362442
2019-03-05,74.879318,59.918259,21.775230,20.616171,25.740000,68.159409,8.277686,20.446255,64.058540,51.558933,58.118374,62.448040
2019-03-06,74.887489,60.013523,21.710955,20.758984,25.700001,68.025238,8.237722,20.465229,64.209579,51.664780,58.346737,62.071312
2019-03-07,74.903870,60.196064,21.434490,20.568869,25.700001,67.986870,8.217741,20.522121,64.337952,51.819458,58.685360,61.411957
2019-03-08,74.912056,60.235764,21.530935,20.612461,25.959999,67.871834,8.197757,20.541088,64.390808,51.851994,58.937366,61.249268
2019-03-11,74.912056,60.227867,21.588793,21.207823,25.840000,68.063560,8.217741,20.544891,64.458748,51.819458,58.724770,62.071312
2019-03-12,74.920265,60.307243,21.665939,21.284796,26.000000,68.197769,8.277686,20.586609,64.602196,51.908985,59.157879,62.225430
2019-03-13,74.928421,60.307243,21.710955,21.208752,26.180000,68.389458,8.342630,20.609371,64.556923,51.908985,59.047630,62.585052
2019-03-14,74.928421,60.275463,21.633793,21.297779,25.900000,68.351143,8.292674,20.613169,64.504059,51.876423,58.669651,62.507992
2019-03-15,74.936600,60.346909,21.723806,21.566713,26.020000,68.370323,8.292674,20.654896,64.715469,51.974133,59.008251,62.996048
2019-03-18,74.944824,60.323086,21.833099,21.736420,26.040001,68.408661,8.327644,20.673864,64.670174,51.933411,58.992500,63.278637
2019-03-19,74.944824,60.362778,21.884527,21.673361,26.100000,68.466202,8.347626,20.651096,64.692833,51.892719,58.882248,63.287212
2019-03-20,74.944824,60.505711,22.122400,21.814318,26.260000,68.696251,8.427556,20.791452,65.070358,52.153233,59.457142,63.184471
2019-03-21,74.969376,60.577122,22.038832,21.728073,26.139999,68.696251,8.377599,20.787657,65.130745,52.120667,59.583115,63.561214
2019-03-22,74.969376,60.807346,21.614515,21.237501,26.219999,68.466202,8.312656,20.848349,65.387459,52.389328,60.520287,62.268230
2019-03-25,74.969376,60.926418,21.813805,21.256044,26.400000,68.466202,8.332639,20.844566,65.523354,52.487041,60.583263,62.251900
2019-03-26,74.977562,60.894665,21.775230,21.464705,26.280001,68.600372,8.362612,20.814211,65.568687,52.487041,60.551758,62.621525
2019-03-27,74.985764,61.037540,21.485926,21.309834,26.160000,68.638741,8.317651,20.825590,65.598877,52.592857,61.055752,62.389446
2019-03-28,75.002121,61.021683,21.485926,21.644611,25.780001,68.772957,8.287679,20.840773,65.659286,52.552177,61.260544,62.561367
2019-03-29,75.002121,60.997856,21.447351,21.728073,25.820000,68.964668,8.297670,20.863527,65.591347,52.495178,61.236927,62.896591
2019-04-01,75.015259,60.779999,21.701418,21.843994,25.719999,69.020546,8.372603,20.791452,65.344376,52.256966,60.318935,63.704617
2019-04-02,75.007042,60.843590,21.662613,21.982170,25.799999,69.039810,8.392586,20.799038,65.397423,52.338554,60.508369,63.696033
2019-04-03,75.015259,60.708431,21.759588,22.025755,25.760000,69.059074,8.397581,20.753515,65.329201,52.224335,59.947960,63.962513
2019-04-04,75.039864,60.795891,21.766054,21.807827,25.840000,69.193886,8.407573,20.768703,65.382256,52.281452,60.145302,64.048470
2019-04-05,75.039864,60.811768,21.798380,21.939507,25.799999,69.290222,8.447536,20.787657,65.488281,52.273289,60.184742,64.306343
2019-04-08,75.039864,60.779999,21.804829,21.663158,25.920000,69.270958,8.477509,20.772491,65.420151,52.240646,59.995346,64.383698
2019-04-09,75.048058,60.851570,21.869486,21.795769,26.059999,69.270958,8.462524,20.791452,65.511070,52.297756,60.184742,64.039871
2019-04-10,75.048058,60.915161,21.979378,21.747549,26.120001,69.521400,8.537457,20.867319,65.783737,52.379330,60.303158,64.306343
2019-04-11,75.072678,60.835690,21.817770,21.736420,25.799999,69.675484,8.487503,20.814211,65.730736,52.297756,59.979538,64.194595
2019-04-12,75.072678,60.756134,21.882418,21.740128,25.770000,69.771828,8.507485,20.780075,65.609505,52.126461,59.561195,64.650185
2019-04-15,75.080864,60.732292,21.921202,21.782787,25.740000,69.694748,8.487503,20.795248,65.601929,52.167225,59.695415,64.547012
2019-04-16,75.080864,60.652752,21.830704,21.877380,25.480000,69.714043,8.462524,20.745926,65.458000,52.069351,59.363869,64.693153
2019-04-17,75.097313,60.644798,21.908274,21.922821,25.459999,69.559891,8.452535,20.734554,65.458000,52.077522,59.395496,64.615776
2019-04-18,75.105492,60.764137,21.888880,21.947861,25.480000,69.617668,8.457529,20.802834,65.511070,52.175396,59.655930,64.667381
2019-04-22,75.105492,60.716377,21.863020,21.491594,25.480000,69.521400,8.517476,20.783867,65.473167,52.126461,59.371784,64.607208
2019-04-23,75.105492,60.811768,21.785448,21.542603,25.400000,69.714043,8.512481,20.821804,65.654961,52.191704,59.498055,65.019806
2019-04-24,75.121895,60.939045,21.539761,21.598244,25.480000,69.656227,8.497493,20.905252,65.859489,52.338554,59.971645,64.667381
2019-04-25,75.138298,60.907219,21.526760,21.468412,25.500000,69.675484,8.477509,20.897673,65.760994,52.305920,59.900581,64.624390
2019-04-26,75.130142,61.018536,21.468258,21.764238,25.660000,69.829590,8.377599,20.935596,65.988289,52.395657,60.097942,64.933823
2019-04-29,75.138298,60.939045,21.481264,21.764238,25.580000,69.829590,8.372603,20.893881,65.829170,52.346714,59.742725,65.019806
2019-04-30,75.146507,60.994675,21.526760,21.766096,25.639999,69.868111,8.397581,20.920433,65.897346,52.428288,60.058498,65.079987
2019-05-01,75.149811,61.000248,21.455269,21.693762,25.480000,69.637825,8.387590,20.881330,65.807747,52.390682,60.264145,64.658783
2019-05-02,75.158012,60.936581,21.312267,21.632555,25.379999,69.676537,8.277686,20.782642,65.701401,52.276264,59.971447,64.564217
2019-05-03,75.166222,60.992317,21.494253,21.829155,25.540001,69.850708,8.282682,20.831984,65.800125,52.333466,60.169239,65.183121
2019-05-06,75.174446,61.016190,21.403267,21.564857,25.580000,69.870071,8.307661,20.881330,65.936874,52.423386,60.319519,64.727539
2019-05-07,75.182678,61.087902,21.253777,21.062227,25.639999,69.463631,8.192762,20.892719,65.982468,52.537800,60.794163,63.653049
2019-05-08,75.182678,61.095829,21.338280,20.853573,25.580000,69.476540,8.227732,20.839571,65.830498,52.464241,60.501488,63.644455
2019-05-09,75.190903,61.119724,21.247288,20.692205,25.660000,69.353973,8.177774,20.873745,65.929283,52.570484,60.746704,63.274815
2019-05-10,75.207336,61.087902,21.429270,20.720036,25.700001,69.515213,8.197757,20.907909,65.929283,52.545971,60.651779,63.584267
2019-05-13,75.199135,61.207314,21.279776,20.185871,25.959999,68.921669,8.152798,20.961048,66.028076,52.750309,61.165997,61.985439
2019-05-14,75.207336,61.223270,21.364273,20.578146,25.900000,69.070076,8.272692,20.961048,66.035606,52.717613,60.968201,62.630138
2019-05-15,75.215546,61.326824,21.429270,20.442751,25.900000,69.121719,8.332639,21.010389,66.233170,52.840210,61.347919,62.922386
2019-05-16,75.223801,61.255161,21.312267,20.674589,25.700001,69.308784,8.397581,20.987619,66.187584,52.774826,61.142258,63.386578
2019-05-17,75.232018,61.310867,21.143282,20.732086,25.540001,69.289444,8.317651,20.968632,66.248344,52.791172,61.316296,62.879414
2019-05-20,75.240204,61.255161,21.162786,21.625135,25.540001,69.244286,8.347626,20.926880,66.066002,52.717613,61.181786,62.526966
2019-05-21,75.240204,61.231239,21.240767,21.456356,25.440001,69.418480,8.342630,20.938267,65.997665,52.652214,61.071037,63.077095
2019-05-22,75.256676,61.358681,21.227779,21.453575,25.420000,69.476540,8.237722,20.942068,66.119209,52.774826,61.411213,62.793438
2019-05-23,75.273102,61.502029,21.227779,21.399790,25.620001,69.160393,8.057881,20.991407,66.255959,52.995495,62.099422,62.088604
2019-05-24,75.273102,61.549831,21.325275,21.710451,25.660000,69.070076,8.152798,21.025574,66.339516,52.962803,62.123188,62.372253
2019-05-28,75.281319,61.637367,21.253777,21.805046,25.559999,69.044266,8.217741,21.048355,66.423103,53.109936,62.605736,61.882259
2019-05-29,75.281319,61.685196,21.312267,21.628847,25.559999,68.850769,8.202754,21.086308,66.423103,53.109936,62.771862,61.572830
2019-05-30,75.305954,61.772766,21.338280,21.834717,25.740000,68.979744,8.112833,21.150843,66.704185,53.248882,63.293983,61.787712
2019-05-31,75.305954,61.956020,21.448782,21.997009,26.080000,68.482979,7.893027,21.264721,66.909355,53.518593,64.092949,61.194588
2019-06-03,75.302658,62.070858,21.533754,22.312309,26.459999,68.559456,7.858057,21.336308,67.108223,53.715977,64.497322,61.289165
2019-06-04,75.319138,62.023010,21.638348,22.177839,26.480000,69.181816,7.918005,21.302032,67.131104,53.601299,63.791672,62.337856
2019-06-05,75.319138,62.078812,21.592590,22.080469,26.540001,69.356827,7.748156,21.309654,67.169235,53.642269,63.442863,62.552765
2019-06-06,75.343849,62.142651,21.664497,21.864395,26.620001,69.531853,7.868050,21.294411,67.161568,53.593105,63.641029,62.845032
2019-06-07,75.335617,62.254345,21.801783,21.933947,26.780001,69.758789,7.898022,21.370579,67.413063,53.732353,64.156395,63.481110
2019-06-10,75.352081,62.150669,21.893305,21.922821,26.540001,69.849510,7.878040,21.263956,67.222527,53.560360,63.585541,63.747604
2019-06-11,75.343849,62.166561,22.004431,21.982613,26.480000,69.959724,7.927998,21.237305,67.222527,53.527584,63.656921,63.928120
2019-06-12,75.352081,62.222393,21.991371,21.834066,26.600000,69.791176,7.818094,21.248722,67.329254,53.650459,63.688599,63.618652
2019-06-13,75.376816,62.318161,22.037121,21.778006,26.780001,69.933777,7.918005,21.260151,67.519737,53.756908,63.910591,63.799175
2019-06-14,75.385056,62.358006,21.965214,21.488382,26.780001,69.875443,7.945482,21.214457,67.519737,53.773296,64.021614,63.498306
2019-06-17,75.385056,62.366035,21.958672,21.362257,26.760000,69.778191,7.918005,21.176380,67.474022,53.732353,64.164314,63.585793
2019-06-18,75.385056,62.565487,22.135180,21.600494,26.860001,70.212517,8.007926,21.267765,67.786476,53.781490,64.433884,64.365242
2019-06-19,75.401520,62.685104,22.409746,21.398689,27.040001,70.569077,7.977953,21.389618,68.015091,53.953461,64.584518,64.668358
2019-06-20,75.409714,62.796803,22.586256,21.649075,27.760000,70.958008,8.127820,21.507673,68.327538,54.010796,64.711372,65.300591
2019-06-21,75.409714,62.637260,22.507801,21.451008,27.940001,70.783012,8.142807,21.416275,68.197975,53.863380,64.061241,65.066727
2019-06-24,75.417984,62.764896,22.566635,21.448210,28.340000,70.711685,8.192762,21.458168,68.297096,54.002621,64.505234,65.040764
2019-06-25,75.417984,62.796803,22.533957,21.559383,28.400000,70.452408,8.222735,21.416275,68.289436,54.076305,64.727226,64.477844
2019-06-26,75.434464,62.669178,22.540491,21.740641,28.139999,70.400505,8.282682,21.404858,68.129433,53.912525,64.307007,64.512451
2019-06-27,75.434464,62.788811,22.645079,21.834066,28.120001,70.575562,8.282682,21.435326,68.388466,53.994400,64.751015,64.798248
2019-06-28,75.442680,62.844646,22.684303,21.721949,28.180000,70.620941,8.177774,21.442936,68.472328,54.027184,64.735176,65.092728
2019-07-01,75.438576,62.851822,22.736866,21.898527,27.620001,70.607231,8.192762,21.414251,68.526604,53.966457,64.558815,65.655678
2019-07-02,75.446808,62.971680,22.756567,22.057360,28.240000,70.744026,8.057881,21.418076,68.664162,54.073139,65.059326,65.750931
2019-07-03,75.471527,63.163452,22.822273,22.020920,28.299999,70.991493,8.132815,21.475449,68.786461,54.146984,65.464462,66.175308
2019-07-05,75.463303,62.979691,22.736866,21.708872,27.980000,70.730988,8.152798,21.421902,68.419579,53.876198,64.662094,65.915482
2019-07-08,75.463303,62.979691,22.769718,21.442600,27.799999,70.613747,8.132815,21.414251,68.305000,53.818764,64.749474,65.603699
2019-07-09,75.471527,62.939705,22.697453,21.523886,27.889999,70.522598,8.172780,21.433378,68.236198,53.794132,64.717644,65.499786
2019-07-10,75.479813,62.883831,22.835400,21.418306,28.299999,70.724487,8.342630,21.479269,68.389069,53.876198,64.376053,65.820206
2019-07-11,75.496300,62.732021,22.828836,21.466890,28.080000,70.587715,8.347626,21.418076,68.129181,53.736694,63.541862,65.854858
2019-07-12,75.504517,62.708042,22.933952,21.533226,28.240000,70.646332,8.377599,21.441029,68.190308,53.777725,63.597485,66.080032
2019-07-15,75.504517,62.843853,22.953657,21.628525,28.240000,70.744026,8.262700,21.490732,68.213242,53.851574,63.978798,66.097351
2019-07-16,75.512825,62.827881,22.795984,21.679907,28.040001,70.581200,8.182771,21.456312,68.106262,53.761307,63.740471,65.872154
2019-07-17,75.512825,62.987675,22.855122,21.659353,28.469999,70.555145,8.102841,21.502222,68.366096,53.917225,64.463470,65.560410
2019-07-18,75.537575,63.067554,23.104755,21.597691,28.860001,70.542145,8.037898,21.536640,68.595398,54.032097,64.455498,65.828865
2019-07-19,75.537575,63.067554,23.039066,21.155779,28.459999,70.405373,8.092853,21.517519,68.511330,53.966457,64.336342,65.569077
2019-07-22,75.537575,63.115501,23.058762,21.175396,28.440001,70.639809,8.077865,21.528996,68.610687,53.974663,64.423721,65.638329
2019-07-23,75.529312,63.107491,22.999649,21.024981,28.280001,70.770065,8.115330,21.509863,68.633598,53.933632,64.098000,66.062721
2019-07-24,75.545784,63.203392,23.019356,20.946501,28.420000,70.815659,8.077865,21.517519,68.740631,53.966457,64.360184,66.279205
2019-07-25,75.562271,63.139462,22.940517,20.812899,28.240000,70.763542,8.062878,21.494568,68.702408,53.892586,64.074165,65.802910
2019-07-26,75.554039,63.147427,22.914240,21.040861,28.299999,70.919876,8.072868,21.463964,68.710030,53.876198,64.185387,66.131996
2019-07-29,75.570557,63.203392,22.835400,20.871759,28.480000,70.828705,8.102841,21.456312,68.633598,53.917225,64.233025,66.071373
2019-07-30,75.570557,63.203392,22.815704,20.418633,28.559999,70.841690,8.147802,21.486927,68.710030,53.933632,64.384010,65.690277
2019-07-31,75.578827,63.291260,22.730289,20.442928,28.195999,70.717979,8.107838,21.521339,68.656532,53.974663,64.924271,65.092728
2019-08-01,75.599480,63.566547,22.526888,20.162638,28.860001,70.723190,7.878040,21.601793,69.157928,54.413658,66.116982,64.573097
2019-08-02,75.599480,63.622536,22.467443,20.060802,28.760000,70.585823,7.893027,21.605616,69.211594,54.446526,66.674301,63.975533
2019-08-05,75.591202,63.878601,22.256115,19.389994,29.180000,69.813789,7.828084,21.686068,69.357254,54.791821,67.852692,62.191437
2019-08-06,75.599480,63.926571,22.355175,19.720728,29.400000,70.245605,7.773133,21.747360,69.564240,54.841122,68.322456,62.884281
2019-08-07,75.615997,64.118607,22.361790,19.602079,29.840000,70.258713,7.678216,21.751188,69.564240,54.824707,68.386116,63.066154
2019-08-08,75.624214,64.038651,22.559908,20.137419,30.000000,70.468018,7.728173,21.812481,69.625557,54.816490,68.521538,64.044785
2019-08-09,75.615997,63.974583,22.513674,19.984198,29.900000,70.396103,7.775631,21.793318,69.464577,54.767136,68.370247,63.551140
2019-08-12,75.632500,64.198616,22.262711,19.913191,30.160000,70.212898,7.708190,21.892927,69.732918,54.980904,69.795448,62.884281
2019-08-13,75.640793,64.214638,22.282536,19.769312,30.000000,70.454979,7.888031,21.850784,69.617897,54.800037,69.532692,63.681038
2019-08-14,75.632500,64.414696,21.899479,19.571241,30.240000,69.846527,7.758145,21.908245,69.748230,55.021988,71.037498,61.819027
2019-08-15,75.665581,64.702774,22.044781,19.597404,30.400000,70.095139,7.708190,21.996359,70.016533,55.260395,71.833748,62.044228
2019-08-16,75.657326,64.662750,22.143843,19.806683,30.219999,70.317551,7.718182,21.938894,70.139198,55.194607,71.268433,62.901619
2019-08-19,75.657326,64.478729,21.932514,19.736607,29.860001,70.553078,7.748156,21.850784,69.932198,55.038433,70.328865,63.438564
2019-08-20,75.665581,64.606758,22.038176,19.690830,30.100000,70.585823,7.748156,21.881433,70.192894,55.202854,71.029526,63.092152
2019-08-21,75.657326,64.558754,22.038176,19.591797,30.000000,70.893341,7.778128,21.858450,70.284874,55.079544,70.535912,63.620438
2019-08-22,75.682076,64.406685,21.899479,19.165766,29.920000,71.030731,7.743160,21.839293,70.177551,55.013779,70.097984,63.490501
2019-08-23,75.673798,64.566750,21.886276,19.538546,30.520000,70.670837,7.683213,21.961880,70.338501,55.260395,71.220657,62.182785
2019-08-26,75.682076,64.542755,21.833452,19.821630,30.500000,71.030731,7.678216,21.942724,70.338501,55.219292,70.926056,62.788994
2019-08-27,75.690353,64.710800,21.780613,19.969246,30.780001,71.017624,7.733168,22.046152,70.537849,55.326180,72.024826,62.589836
2019-08-28,75.682076,64.878807,21.681561,19.727268,30.719999,71.194252,7.818094,22.076799,70.599197,55.334389,72.096481,62.910263
2019-08-29,75.698624,64.870834,21.734385,19.731005,30.520000,71.266220,7.828084,22.107447,70.484184,55.285046,71.833748,63.611778
2019-08-30,75.706902,64.838829,21.774006,19.814152,30.400000,71.187714,7.713185,22.004021,70.445862,55.317951,71.841690,63.724358
2019-09-03,75.721794,64.925354,21.748098,19.358227,30.860001,70.974777,7.658235,21.988293,70.485077,55.418430,71.946976,63.386600
2019-09-04,75.713501,64.869278,22.047026,19.434839,31.020000,71.139061,7.843071,22.038155,70.684952,55.517258,72.010796,64.166039
2019-09-05,75.721794,64.556641,22.060310,19.577784,30.320000,71.395378,7.833081,21.919250,70.308273,55.196045,70.822166,64.893532
2019-09-06,75.730080,64.668892,22.113449,19.755299,30.040001,71.520233,7.833081,21.957603,70.454300,55.220783,71.276863,65.006111
2019-09-09,75.730080,64.412384,22.093519,19.828169,29.940001,71.599075,7.908014,21.869394,70.108353,54.998405,70.024460,65.058075
2019-09-10,75.746666,64.107819,22.027092,19.790800,29.660000,71.566254,7.932991,21.738998,69.708565,54.751316,68.851807,65.084076
2019-09-11,75.738365,64.107819,22.040382,19.982327,29.860001,71.566254,7.873044,21.704473,69.631683,54.701920,68.716202,65.543091
2019-09-12,75.754913,64.027664,22.226368,20.003817,29.920000,71.592522,7.843071,21.696802,69.623993,54.611309,68.277451,65.837547
2019-09-13,75.754913,63.650921,22.126734,20.174784,29.680000,71.474281,7.843071,21.570238,69.147362,54.281914,66.873436,65.967445
2019-09-16,75.754913,63.843269,22.053667,19.746889,29.920000,71.704231,8.182771,21.681465,69.362587,54.438377,67.679146,65.724953
2019-09-17,75.763168,63.963566,22.120090,19.730068,30.000000,71.756828,8.017917,21.727495,69.516335,54.537193,68.046120,65.854858
2019-09-18,75.779762,64.075768,22.027092,19.734741,29.780001,71.730537,7.982948,21.646938,69.585526,54.520710,68.357224,65.802910
2019-09-19,75.779762,64.115845,22.106810,19.447918,29.920000,71.645103,8.032904,21.689131,69.654701,54.545418,68.532700,65.846184
2019-09-20,75.788040,64.276131,22.199802,20.554102,30.260000,71.730537,8.012921,21.800360,69.939217,54.726612,69.402267,65.629684
2019-09-23,75.804596,64.444473,22.166580,20.957708,30.420000,71.704231,8.042895,21.838715,70.000687,54.800735,69.418175,65.612350
2019-09-24,75.804596,64.580711,22.146666,20.811964,30.600000,71.625389,7.942983,21.888577,70.154495,54.998405,70.239838,65.181183
2019-09-25,75.804596,64.412384,21.914165,20.558777,30.040001,71.579414,7.913010,21.781193,69.869987,54.751316,69.258644,65.320557
2019-09-26,75.821152,64.460464,21.967316,20.670889,30.040001,71.520233,7.908014,21.781193,69.969948,54.817177,69.641518,65.346680
2019-09-27,75.821152,64.500557,21.940748,20.638191,29.879999,71.421638,7.893027,21.746664,70.054558,54.883106,69.817078,64.937294
2019-09-30,75.829430,64.468506,21.920822,20.684900,29.400000,71.461121,7.803107,21.769680,70.146767,54.907780,69.992554,65.172470
2019-10-01,75.826942,64.514259,21.897436,20.221500,29.540001,71.294090,7.793115,21.814203,70.305603,55.062920,70.167580,64.475609
2019-10-02,75.826942,64.538361,21.997633,20.124336,29.900000,70.897972,7.733168,21.818039,70.367294,55.203171,70.383446,63.412945
2019-10-03,75.851822,64.771126,22.224758,20.319603,30.040001,70.858376,7.733168,21.890966,70.667862,55.442432,70.998840,63.900734
2019-10-04,75.851822,64.827293,22.365046,20.271019,30.040001,71.089470,7.778128,21.967749,70.760429,55.491909,71.518311,64.580162
2019-10-07,75.860123,64.682823,22.178003,20.016895,29.799999,71.056412,7.778128,21.890966,70.552277,55.359909,70.958839,64.371109
2019-10-08,75.860123,64.706909,22.144590,19.862738,30.040001,70.772575,7.768138,21.875620,70.598503,55.458916,71.118706,63.526169
2019-10-09,75.860123,64.666801,22.311605,20.179461,30.080000,70.911171,7.798111,21.833410,70.552277,55.351681,70.687126,64.057518
2019-10-10,75.876663,64.369766,22.398445,20.255138,29.820000,71.089470,7.848068,21.771980,70.259346,55.104141,69.711998,64.501755
2019-10-11,75.884941,64.177109,22.505323,20.343891,29.639999,71.346870,7.937987,21.706718,70.074326,54.856647,68.888794,65.364120
2019-10-14,75.876663,64.305550,22.458563,20.282227,29.780001,71.426109,7.888031,21.722076,70.220795,54.922653,69.272453,65.198601
2019-10-15,75.884941,64.145004,22.391760,20.422371,29.540001,71.544930,7.868050,21.652981,70.058914,54.765884,68.505127,65.878029
2019-10-16,75.893265,64.120949,22.411800,20.532612,29.740000,71.525116,7.878040,21.691374,70.159134,54.864910,68.585060,65.843178
2019-10-17,75.901566,64.217239,22.451880,20.784870,29.760000,71.597733,7.913010,21.714399,70.213089,54.848396,68.473183,66.026131
2019-10-18,75.901566,64.161095,22.585480,21.035254,29.760000,71.604332,7.913010,21.748947,70.320999,54.897892,68.441170,65.825752
2019-10-21,75.909859,64.040642,22.558765,20.923145,29.600000,71.643944,7.908014,21.699043,70.174530,54.757645,67.921654,66.287415
2019-10-22,75.909859,64.128922,22.605522,20.955847,29.700001,71.663765,7.908014,21.748947,70.305603,54.840115,68.305313,66.104515
2019-10-23,75.909859,64.177109,22.699047,20.991348,29.780001,71.729767,7.997935,21.768147,70.305603,54.831902,68.361229,66.296127
2019-10-24,75.926407,64.241310,22.618887,20.871759,29.959999,71.789192,8.042895,21.771980,70.405785,54.840115,68.249321,66.435516
2019-10-25,75.926407,64.112915,22.772528,20.982000,30.020000,71.861801,8.082859,21.760456,70.297897,54.741135,67.913658,66.688118
2019-10-28,75.918167,63.968403,22.785894,21.054873,29.799999,71.914581,8.052886,21.691374,70.174530,54.633877,67.338188,67.045250
2019-10-29,75.934731,64.000519,22.745811,21.275366,29.700001,71.756187,8.047892,21.629961,70.089722,54.650379,67.402130,66.984268
2019-10-30,75.943024,64.177109,22.625557,21.432329,29.860001,71.663765,7.987943,21.702890,70.274757,54.807129,68.313293,67.193336
2019-10-31,75.951309,64.393837,22.672327,21.363182,30.180000,71.419510,7.942983,21.756628,70.613953,55.062920,69.224487,66.992989
2019-11-01,75.950432,64.341576,22.740160,21.627584,30.180000,71.771599,8.082859,21.809341,70.620140,54.989353,68.999428,67.654999
2019-11-04,75.958771,64.172783,22.767025,21.534159,30.080000,71.884315,8.132815,21.786249,70.372757,54.832291,68.134544,67.977287
2019-11-05,75.950432,64.003922,22.693148,21.463156,29.620001,71.824593,8.152798,21.728539,70.078987,54.625671,67.413803,67.986000
2019-11-06,75.958771,64.084328,22.646137,21.484644,29.760000,71.711937,8.067872,21.813185,70.326363,54.733112,67.782143,67.977287
2019-11-07,75.975388,63.770782,22.599117,21.524818,29.280001,71.698669,8.057881,21.697760,69.963020,54.468639,66.620964,68.195038
2019-11-08,75.975388,63.738594,22.565540,21.163254,29.100000,71.745071,8.077865,21.674662,69.901161,54.427303,66.348686,68.247299
2019-11-11,75.975388,63.730572,22.471516,21.115604,29.020000,71.685402,8.030408,21.670816,69.932083,54.468639,66.428764,68.073097
2019-11-12,75.983688,63.754673,22.343916,20.993212,29.100000,71.711937,8.047892,21.693905,69.978439,54.485157,66.637001,68.125359
2019-11-13,75.983688,63.915497,22.243174,20.843725,29.219999,71.632385,8.062878,21.716993,70.094437,54.592606,67.045418,68.003403
2019-11-14,75.991989,64.060204,22.270037,20.927811,29.340000,71.585930,8.032904,21.743929,70.372757,54.774452,67.718102,68.020844
2019-11-15,75.983688,64.044136,22.404360,21.090380,29.280001,71.738441,8.067872,21.724689,70.349548,54.716564,67.638000,68.499886
2019-11-18,76.000305,64.084328,22.384209,21.011898,29.379999,71.672134,7.982948,21.767010,70.442322,54.790981,67.798172,68.526016
2019-11-19,75.991989,64.132568,22.370779,21.138029,29.360001,71.440071,7.913010,21.809341,70.527344,54.824055,68.302742,68.543457
2019-11-20,76.000305,64.269272,22.303621,21.225849,29.400000,71.327347,8.012921,21.882448,70.604675,54.956280,69.015450,68.203751
2019-11-21,76.000305,64.164726,22.317055,21.124945,29.240000,71.327347,8.077865,21.832432,70.527344,54.873604,68.623047,68.125359
2019-11-22,76.008629,64.229019,22.256611,21.080101,29.180000,71.559425,8.072868,21.847813,70.566002,54.865383,68.711166,68.273438
2019-11-25,76.008629,64.269272,22.169300,21.483709,29.020000,71.758331,8.067872,21.870901,70.689705,54.865383,68.895309,68.796066
2019-11-26,76.016953,64.365730,22.176025,21.350103,29.180000,71.871048,8.117828,21.920925,70.759300,54.931496,69.287712,68.857048
2019-11-27,76.033524,64.325516,22.108856,21.560318,29.020000,71.977119,8.087855,21.874748,70.728363,54.840569,69.087494,69.135780
2019-11-29,76.033524,64.261154,22.129011,21.283773,29.219999,71.837883,7.932991,21.809341,70.643303,54.840569,68.959373,68.708969
2019-12-02,76.039337,64.090538,22.158709,21.337963,29.200001,71.777954,7.913010,21.798548,70.474342,54.729626,68.051155,68.221184
2019-12-03,76.030998,64.364258,22.219446,21.146437,29.480000,71.718002,7.923000,21.945032,70.908401,55.052532,69.399033,67.864044
2019-12-04,76.039337,64.283714,22.246443,21.399626,29.420000,71.944473,8.022913,21.918039,70.807648,54.886944,68.741188,68.377975
2019-12-05,76.055969,64.154907,22.320688,21.385607,29.459999,72.011108,8.047892,21.867931,70.753380,54.820694,68.468376,68.438927
2019-12-06,76.055969,64.106636,22.374687,21.160448,29.139999,72.111023,8.097844,21.875635,70.675896,54.721336,68.027092,69.048660
2019-12-09,76.064316,64.130753,22.428686,21.297785,29.139999,72.124336,8.087855,21.879494,70.675896,54.721336,68.219681,68.813492
2019-12-10,76.064316,64.138824,22.421932,21.180073,29.219999,72.310837,8.122824,21.875635,70.629379,54.688217,68.187584,68.752502
2019-12-11,76.064316,64.275696,22.590677,21.369059,29.440001,72.470711,8.087855,21.933464,70.823135,54.828968,68.701035,69.048660
2019-12-12,76.080917,64.066360,22.577181,21.391516,29.320000,72.650558,8.142807,21.837091,70.598366,54.547466,67.634033,69.684563
2019-12-13,76.064316,64.259590,22.631172,21.493496,29.459999,72.717110,8.187767,21.929602,70.900612,54.762741,68.388176,69.806488
2019-12-16,76.080917,64.195175,22.725662,21.355024,29.440001,72.883675,8.252710,21.875635,70.753380,54.630268,67.802460,70.398842
2019-12-17,76.072586,64.195175,22.766155,21.519690,29.440001,73.103470,8.302665,21.914185,70.761101,54.621983,67.698166,70.372681
2019-12-18,76.089218,64.122719,22.732414,21.551502,29.420000,73.236687,8.307661,21.887199,70.714630,54.539181,67.176659,70.398842
2019-12-19,76.097542,64.098549,22.766155,21.584248,29.510000,73.236687,8.327644,21.929407,70.815399,54.597137,67.232849,70.581772
2019-12-20,76.101715,64.122719,22.759405,21.662838,29.480000,73.105568,8.317651,21.910038,70.776665,54.580582,67.345169,70.790779
2019-12-23,76.101715,64.077827,22.786409,21.590796,29.620001,73.145714,8.323732,21.863594,70.733894,54.539108,67.203629,70.888237
2019-12-24,76.110039,64.143082,22.833658,21.470106,29.920000,73.205925,8.374393,21.910038,70.889359,54.605476,67.460938,70.861885
2019-12-26,76.118355,64.224716,22.894394,21.406481,30.160000,73.319649,8.419990,21.913919,70.904900,54.663536,67.581490,71.186630
2019-12-27,76.110039,64.265465,22.975397,21.501913,30.139999,73.286179,8.445320,21.917789,71.044823,54.763062,67.678024,71.274399
2019-12-30,76.118355,64.118599,22.981491,21.406481,30.240000,73.225983,8.435188,21.933271,71.122559,54.754765,67.468948,70.853111
2019-12-31,76.118355,64.134972,23.062868,21.510330,30.280001,73.279495,8.389591,21.921669,70.990379,54.663536,66.946388,71.081299
2020-01-02,76.143326,64.249130,23.103561,21.804115,30.500000,73.573837,8.430121,22.022299,71.083710,54.779663,67.541321,71.800964
2020-01-03,76.143326,64.444939,22.967937,21.445782,30.900000,73.520332,8.501048,22.122948,71.285759,55.020218,68.546265,71.151497
2020-01-06,76.134995,64.404137,22.981491,21.160423,31.240000,73.473526,8.511180,22.068758,71.239098,54.953850,68.216660,71.414810
2020-01-07,76.134995,64.347023,22.927250,21.219364,31.360001,73.419991,8.495982,22.006821,71.184708,54.937256,67.854858,71.195374
2020-01-08,76.151657,64.249130,23.035749,21.490686,31.120001,73.480202,8.379459,21.975855,71.138077,54.837730,67.468948,71.485023
2020-01-09,76.159996,64.289955,23.028976,21.739557,30.920000,73.647453,8.333864,21.987461,71.239098,54.870918,67.669975,71.836075
2020-01-10,76.159996,64.371506,23.056095,21.851830,31.139999,73.674187,8.333864,22.045530,71.332405,54.937256,68.240761,71.686874
2020-01-13,76.159996,64.330704,23.001844,22.132509,30.900000,73.700981,8.283203,22.045530,71.246887,54.904087,68.015656,72.195915
2020-01-14,76.159996,64.371506,23.015408,22.087601,30.860001,73.667526,8.308534,22.084246,71.332405,54.945553,68.369400,72.169571
2020-01-15,76.168304,64.485741,23.001844,22.048304,31.040001,73.700981,8.273070,22.091986,71.449005,55.028496,68.827682,72.178360
2020-01-16,76.184952,64.477547,22.974722,22.056723,31.000000,73.747780,8.257871,22.049408,71.464577,54.987038,68.594482,72.696190
2020-01-17,76.176666,64.461273,22.981491,22.183031,31.040001,73.700981,8.288268,22.026178,71.449005,54.970463,68.096024,72.915588
2020-01-21,76.184952,64.608086,22.954376,21.728333,31.100000,73.527016,8.242674,22.099722,71.651108,55.119747,68.763359,72.450424
2020-01-22,76.184952,64.665222,23.062868,21.696520,31.080000,73.640747,8.121084,22.061018,71.713303,55.136322,68.972389,72.546989
2020-01-23,76.193275,64.812042,23.028976,21.782595,31.180000,73.406631,8.065356,22.122948,71.822105,55.210979,69.430649,72.467995
2020-01-24,76.193275,64.926239,23.035749,21.855572,31.340000,73.118973,7.948834,22.177147,71.946472,55.343704,70.001457,71.897522
2020-01-27,76.201569,65.179131,22.839102,21.662838,31.559999,72.563698,7.801915,22.219734,72.086349,55.542786,71.046631,70.563484
2020-01-28,76.201569,65.048615,22.947594,21.771372,31.280001,73.185860,7.842444,22.181021,72.063057,55.459820,70.491890,71.256836
2020-01-29,76.209938,65.219887,22.927250,21.759205,31.440001,73.185860,7.812047,22.270050,72.210777,55.642342,71.215477,71.186630
2020-01-30,76.209938,65.252525,22.818748,21.464489,31.459999,73.286179,7.751255,22.293285,72.311798,55.667210,71.191353,71.186630
2020-01-31,76.209938,65.366753,22.771286,21.172585,31.660000,72.945015,7.665129,22.386181,72.552765,55.874611,71.826485,69.975449
2020-02-03,76.216614,65.379784,22.796505,21.002308,31.440001,72.977264,7.543541,22.328121,72.477188,55.813107,71.838585,70.361626
2020-02-04,76.216614,65.175552,22.939613,21.519690,31.000000,73.427444,7.553673,22.231342,72.297943,55.613689,70.847824,71.520119
2020-02-05,76.233292,65.069374,22.980505,21.584248,31.040001,73.716324,7.660061,22.177147,72.227829,55.464104,70.106827,72.169571
2020-02-06,76.241631,65.077553,22.878288,21.718039,31.219999,73.743202,7.695525,22.211990,72.204414,55.464104,70.453178,72.397758
2020-02-07,76.241631,65.265450,22.728346,21.566471,31.320000,73.635696,7.660061,22.297150,72.399261,55.646935,71.242508,71.809731
2020-02-10,76.233292,65.371597,22.735165,21.655355,31.400000,73.743202,7.594201,22.328121,72.562920,55.730007,71.460007,72.187149
2020-02-11,76.241631,65.281761,22.851021,21.811600,31.280001,73.770058,7.604334,22.266174,72.453835,55.638599,71.105621,72.546989
2020-02-12,76.249947,65.232758,22.857836,21.740490,31.240000,73.978348,7.730989,22.246826,72.375885,55.547195,70.767288,72.994598
2020-02-13,76.258270,65.289932,22.837387,21.676876,31.420000,73.978348,7.756320,22.281673,72.368111,55.580463,71.008942,72.731293
2020-02-14,76.258270,65.298111,22.932798,21.485073,31.580000,74.011955,7.746188,22.304892,72.461578,55.638599,71.306938,72.783951
2020-02-18,76.266624,65.420654,22.857836,21.309177,31.980000,73.870850,7.781651,22.355223,72.570663,55.721725,71.741898,72.467995
2020-02-19,76.266624,65.428818,22.878288,21.639448,32.160000,73.931320,7.857644,22.347471,72.531738,55.705090,71.782158,72.854156
2020-02-20,76.266624,65.551376,22.687462,21.331635,32.279999,74.032120,7.832313,22.393921,72.687569,55.813107,72.329880,72.450424
2020-02-21,76.283279,65.698433,22.701088,21.312925,32.799999,73.958191,7.784184,22.440376,72.827850,55.954342,72.990349,71.862411
2020-02-24,76.274971,65.853638,22.523893,20.746887,33.099998,73.158684,7.649930,22.533279,72.936943,56.245182,74.053551,69.396202
2020-02-25,76.274971,65.910835,22.503448,20.712271,32.520000,72.580917,7.497945,22.510056,73.046021,56.378155,74.577095,67.746216
2020-02-26,76.291634,65.829140,22.476189,20.746887,32.660000,72.661522,7.419420,22.498446,72.968109,56.378155,74.142166,67.632095
2020-02-27,76.308296,65.845428,22.292177,20.442822,32.639999,71.633591,7.305429,22.564255,72.765511,56.585850,74.931511,65.130798
2020-02-28,76.299965,66.131378,22.087723,19.696211,31.480000,71.868721,7.168643,22.595217,73.373322,57.034546,76.566582,64.920158
2020-03-02,76.322479,66.066750,22.249979,19.741119,31.620001,72.499123,7.325695,22.602966,73.224922,56.974636,75.990593,66.701797
2020-03-03,76.339149,66.344887,22.571751,19.770124,32.619999,72.208878,7.345959,22.858450,73.974670,57.532227,77.200653,65.411606
2020-03-04,76.372559,66.443077,22.605984,19.713055,32.660000,73.167389,7.361157,22.827475,74.052773,57.440716,76.426208,67.597031
2020-03-05,76.389252,66.508514,22.386902,18.928087,33.360001,72.222382,7.254768,22.901030,74.005913,57.715359,78.209023,65.666161
2020-03-06,76.389252,66.925743,22.277369,18.904696,33.380001,71.304436,7.036923,23.051996,73.919968,58.039898,82.048874,64.507668
2020-03-09,76.422600,66.778496,21.147751,17.887701,33.480000,67.983551,6.484709,22.552637,72.678185,58.381138,84.727112,59.417248
2020-03-10,76.405922,66.034050,21.633831,18.502388,32.759998,69.124268,6.687356,21.987461,71.709816,57.840164,80.725891,62.111652
2020-03-11,76.422600,65.510475,21.120371,17.645384,32.639999,67.598808,6.555635,21.515202,69.897949,57.657063,78.555870,59.039871
2020-03-12,76.430969,63.154461,19.867529,15.595484,31.320000,64.858398,6.271930,21.263588,67.906425,57.665398,77.555611,53.001598
2020-03-13,76.447647,64.226151,20.278292,17.238396,30.379999,66.944092,6.337790,21.348749,69.398109,57.532227,76.474586,57.223110
2020-03-16,76.456024,64.397926,19.792213,15.308255,30.080000,63.090004,6.059150,21.433914,68.796745,58.297878,81.072777,50.561718
2020-03-17,76.456024,63.522629,19.627907,16.204561,30.480000,63.542202,5.907164,20.849384,66.852112,57.357468,75.740517,53.466755
2020-03-18,76.472694,62.344563,18.511992,14.666434,29.820000,60.828789,5.724782,20.551313,63.853138,57.032887,72.691231,50.061459
2020-03-19,76.456024,61.870117,18.244978,14.201443,29.280001,59.445114,5.846370,20.849384,62.306786,57.207691,73.417252,50.552937
2020-03-20,76.481049,62.892696,18.402447,14.280031,29.719999,58.142403,5.805840,21.735844,61.564835,58.014919,78.289665,49.175026
2020-03-23,76.464333,63.547131,18.566763,12.984230,31.000000,57.082695,5.871701,22.150051,64.907425,58.497631,81.427719,48.004009
2020-03-24,76.464333,63.767994,18.956987,13.418346,32.500000,59.364143,6.013554,22.270050,65.087082,58.148083,80.459671,52.392033
2020-03-25,76.464333,64.471535,19.415676,14.296874,32.099998,60.768066,6.251665,22.397799,67.070786,58.156410,80.419350,53.590382
2020-03-26,76.464333,64.888779,19.833294,15.515022,32.560001,63.292473,6.033819,22.490707,67.180099,58.206337,80.645195,56.304245
2020-03-27,76.447647,65.011467,19.490982,14.687954,32.340000,63.704189,6.054083,22.475220,67.047363,58.597511,82.613564,54.427444
2020-03-30,76.447647,65.125999,19.306141,14.511127,32.380001,64.358917,6.013554,22.308754,67.726791,58.614151,81.871353,55.872498
2020-03-31,76.456024,64.995079,19.490982,14.791805,31.440001,63.947174,5.988224,22.262314,68.015739,58.714024,81.484161,55.335003
2020-04-01,76.449295,64.809113,19.038919,13.856208,31.680000,62.215626,5.821039,22.331989,67.557571,58.769863,82.182358,52.894272
2020-04-02,76.457657,65.022110,18.956358,14.233255,32.220001,62.636139,5.932496,22.637798,67.729843,58.711514,82.958176,53.978069
2020-04-03,76.432610,65.063118,18.763695,13.785102,32.419998,61.408512,6.114878,22.808130,67.549706,58.728172,83.030846,53.035259
2020-04-06,76.440964,65.292526,19.025158,14.643044,33.220001,62.941368,6.099679,22.769411,68.239006,58.553127,82.723793,56.286625
2020-04-07,76.424271,65.284332,19.396717,15.076228,33.139999,63.158421,6.125010,22.796513,68.419159,58.394779,81.915710,56.498096
2020-04-08,76.432610,65.317116,19.568737,15.544963,32.820000,64.603050,6.109812,22.680378,69.210258,58.411446,81.382385,57.855045
2020-04-09,76.415901,65.792351,19.857731,15.755473,33.580002,68.937073,6.130076,22.877796,71.074417,58.511459,81.374252,58.930019
2020-04-13,76.432610,65.628426,19.775158,15.564609,34.279999,68.102806,6.231400,22.932013,71.246758,58.453117,80.921730,58.401340
2020-04-14,76.440964,65.726784,19.919645,16.016500,34.480000,68.272400,6.211135,22.970709,70.949112,58.536465,80.832863,59.802345
2020-04-15,76.432610,66.013527,19.795792,15.343808,34.419998,67.607712,6.074348,23.001680,71.372093,58.786495,82.869263,58.242733
2020-04-16,76.424271,66.062698,19.651300,15.501923,34.299999,67.560211,6.038886,22.823605,71.168457,58.811558,83.685432,58.471832
2020-04-17,76.440964,66.021706,19.843969,15.965985,33.580002,67.912903,6.064216,22.699736,71.340797,58.728172,82.715736,60.013821
2020-04-20,76.432610,65.907043,19.788918,15.819095,33.840000,66.861618,6.003422,22.653284,71.082298,58.794846,83.378349,59.115051
2020-04-21,76.432610,65.931587,19.713223,15.359715,33.619999,65.444061,5.785576,22.753935,71.043129,58.869850,84.331863,57.440907
2020-04-22,76.432610,65.866028,19.603140,16.009018,34.240002,66.088417,5.846370,22.850706,71.097961,58.769863,83.451065,58.700924
2020-04-23,76.440964,66.029915,19.561861,16.113804,34.540001,65.966354,5.836238,22.862322,71.278114,58.786495,83.960121,58.656876
2020-04-24,76.432610,66.136444,19.404984,15.923877,34.500000,65.532257,5.760245,22.986189,71.285904,58.786495,84.089478,59.300114
2020-04-27,76.432610,65.972572,19.536282,16.356127,34.299999,65.783211,5.689319,22.959095,71.074417,58.636490,82.651070,60.304577
2020-04-28,76.432610,66.161034,19.785067,16.311213,34.099998,65.898529,5.684253,23.048122,71.231110,58.769863,83.572266,60.304577
2020-04-29,76.424271,66.201988,20.137510,16.971748,34.240002,67.010826,5.714650,23.021030,71.607117,58.761520,83.103577,62.022789
2020-04-30,76.440964,66.177437,19.964748,16.732237,33.680000,67.166847,5.815973,22.866194,71.552246,58.703167,82.279327,61.071171
2020-05-01,76.427605,66.196289,19.757429,16.188652,33.919998,66.107971,5.775444,22.854588,71.275864,58.747383,82.866081,59.485142
2020-05-04,76.427605,66.237289,19.819628,16.416941,33.980000,66.012527,5.795708,22.862322,71.354416,58.764095,82.501907,59.661362
2020-05-05,76.427605,66.229103,19.971647,16.073572,34.139999,66.523888,5.927429,22.889420,71.362244,58.747383,82.056755,60.084312
2020-05-06,76.435966,65.958313,19.785067,15.909845,33.720001,66.271622,5.841304,22.800385,71.095291,58.680645,80.818535,59.731853
2020-05-07,76.427605,66.130623,19.840355,16.176493,34.220001,66.442085,5.836238,22.928123,71.260193,58.880955,82.129608,60.542496
2020-05-08,76.427605,65.991158,19.999290,16.499269,34.040001,67.089760,5.967958,22.904898,71.103149,58.789135,81.085625,61.608646
2020-05-11,76.435966,65.810638,19.923281,16.296246,33.840000,66.803452,5.907164,22.839092,70.828346,58.714020,80.470520,61.599861
2020-05-12,76.435966,65.950119,20.026937,16.831406,33.939999,66.769348,5.821039,22.858450,71.166000,58.797482,81.263657,60.542496
2020-05-13,76.435966,66.073174,19.992388,16.420685,34.240002,66.373901,5.775444,22.881670,71.346558,58.872585,81.797798,59.696602
2020-05-14,76.444313,66.147041,20.096050,16.389807,34.560001,66.189796,5.881834,22.912645,71.503586,58.914307,82.558533,59.969738
2020-05-15,76.427605,66.179863,20.026937,16.081997,34.799999,66.223923,5.952760,22.947485,71.684189,58.897629,82.291473,60.084312
2020-05-18,76.427605,66.056778,20.420839,16.214849,34.540001,67.348900,6.140208,22.920378,71.911873,58.697311,80.600006,62.199017
2020-05-19,76.427605,66.147041,20.483036,15.783544,34.820000,67.430695,6.114878,22.932013,72.100304,58.814175,80.915642,61.573418
2020-05-20,76.427605,66.343971,20.807835,16.239178,34.900002,68.167046,6.211135,22.986189,72.500702,58.814175,81.077522,62.639565
2020-05-21,76.435966,66.376778,20.973692,16.260696,34.419998,68.153419,6.170606,22.955221,72.642052,58.814175,81.368866,62.102100
2020-05-22,76.427605,66.401352,20.849295,16.170879,34.619999,68.378410,6.140208,22.990057,72.524261,58.889320,81.757339,62.040421
2020-05-26,76.435966,66.302940,21.298489,16.183973,34.139999,68.964775,6.206068,22.908768,72.720596,58.814175,80.729469,63.221130
2020-05-27,76.427605,66.417816,21.160282,16.316830,34.160000,69.169273,6.135142,22.916515,73.003242,58.805828,80.624252,64.075829
2020-05-28,76.427605,66.409592,21.104990,16.590961,34.299999,69.210220,6.150341,22.978456,73.128815,58.814175,80.332909,64.111069
2020-05-29,76.427605,66.590080,21.305399,16.992332,34.540001,69.537498,6.251665,22.978456,73.466415,58.914307,80.858955,64.252045
2020-06-01,76.435966,66.442223,21.515697,17.439545,34.680000,69.995766,6.276997,23.024904,73.487701,58.910141,80.344276,65.080307
2020-06-02,76.435966,66.524353,21.800255,17.851213,34.480000,70.708183,6.347922,22.990057,73.739540,58.868355,80.109192,65.802834
2020-06-03,76.435966,66.319008,21.973778,17.938221,33.860001,71.160316,6.342856,22.912645,73.668701,58.676136,79.031166,66.974747
2020-06-04,76.435966,66.236816,21.890497,17.729584,34.220001,70.927376,6.428981,22.808130,73.692337,58.559128,77.961182,66.648727
2020-06-05,76.419235,66.220375,21.973778,18.088852,33.500000,71.660362,6.540437,22.827475,73.771042,58.383644,77.409973,68.252380
2020-06-08,76.427605,66.384720,21.959896,18.165571,33.840000,71.763153,6.504974,22.866194,74.046524,58.417072,77.620712,69.107079
2020-06-09,76.427605,66.425781,21.828030,17.952253,34.180000,71.297318,6.535371,22.881670,74.109497,58.550781,78.504288,68.384552
2020-06-10,76.435966,66.565430,21.959896,18.054237,34.680000,71.180847,6.570834,23.063612,74.455772,58.818241,79.614738,68.181877
2020-06-11,76.419235,66.655846,21.460178,16.791679,34.459999,69.365517,6.363121,23.063612,73.739540,58.860004,81.146744,64.296104
2020-06-12,76.435966,66.639412,21.654512,17.591961,34.520000,70.064278,6.398584,23.009420,74.046524,58.818241,80.368591,65.265358
2020-06-15,76.435966,66.713326,21.710033,17.624910,34.400002,70.550621,6.444180,23.017164,74.888649,58.801510,80.392891,65.661865
2020-06-16,76.435966,66.705154,21.557333,17.345287,34.400002,71.064400,6.510041,23.024904,75.053925,58.751381,79.298630,66.780891
2020-06-17,76.435966,66.746223,21.418533,17.549589,34.480000,70.899979,6.489776,23.001680,75.030334,58.776409,79.517494,66.683983
2020-06-18,76.427605,66.795525,21.265841,17.657864,34.400002,70.687653,6.510041,23.102320,74.912285,58.834927,80.344276,66.622276
2020-06-19,76.427605,66.795525,21.515697,17.841457,34.779999,70.598587,6.565767,23.141037,74.865044,58.851650,80.384804,66.313889
2020-06-22,76.427605,66.762619,21.522646,18.375290,35.020000,70.488968,6.621496,23.187481,74.652542,58.826565,80.376717,66.898239
2020-06-23,76.427605,66.713326,21.633694,18.556997,35.279999,70.605431,6.598697,23.218464,74.723373,58.809864,79.922752,67.172699
2020-06-24,76.427605,66.770859,21.439350,18.202051,35.220001,69.845039,6.423915,23.199102,74.573830,58.885098,80.725243,65.561325
2020-06-25,76.435966,66.885895,21.550407,18.417656,35.180000,69.797119,6.469511,23.210726,74.550247,58.885098,80.911636,66.296173
2020-06-26,76.427605,66.910530,21.342196,18.315975,35.299999,69.160042,6.383386,23.237810,74.518723,58.968655,81.762779,65.021248
2020-06-29,76.427605,66.959846,21.356064,18.378113,35.320000,68.591438,6.515106,23.272648,74.731239,59.027149,81.519592,65.800392
2020-06-30,76.427605,67.000938,21.335241,18.239712,35.520000,69.297043,6.555635,23.233944,74.880783,58.977001,81.138618,66.225365
2020-07-01,76.427605,66.907913,21.451706,18.590891,35.340000,69.495300,6.606297,23.245552,75.017242,58.923466,80.973007,66.668053
2020-07-02,76.435966,67.014893,21.549341,18.945841,35.419998,70.025375,6.636694,23.315228,75.135506,58.998760,81.013641,67.270103
2020-07-06,76.427605,67.031334,21.549341,19.413765,35.599998,70.521019,6.667091,23.353935,75.364250,58.923466,80.737610,68.509590
2020-07-07,76.427605,67.121834,21.465647,19.301725,35.840000,70.135529,6.672157,23.373301,75.309044,59.023857,81.841644,67.703918
2020-07-08,76.427605,67.047813,21.646980,19.293251,36.099998,70.307587,6.760815,23.315228,75.182861,58.982025,81.525017,68.376808
2020-07-09,76.427605,67.204094,21.660923,19.299843,35.980000,70.087334,6.697488,23.377167,75.332695,59.057327,82.758888,67.942963
2020-07-10,76.435966,67.162971,21.730663,19.310200,35.900002,70.307587,6.743084,23.342329,75.269608,58.990402,82.353004,68.491920
2020-07-13,76.435966,67.080704,21.640007,19.321497,35.900002,69.956528,6.672157,23.400393,75.206512,59.032219,82.612793,67.942963
2020-07-14,76.435966,67.245239,21.751583,19.170856,36.099998,70.624306,6.697488,23.408138,75.450996,59.023857,82.726425,68.739784
2020-07-15,76.435966,67.237038,21.786459,19.277243,36.119999,71.064865,6.773481,23.392654,75.474640,59.023857,82.369255,69.465797
2020-07-16,76.427605,67.319275,21.674871,19.432592,35.799999,71.126839,6.717753,23.427490,75.679703,59.040611,82.726425,69.076225
2020-07-17,76.435966,67.302849,21.695791,19.715048,36.080002,71.381561,6.722819,23.489433,75.790123,59.048965,82.580315,69.324127
2020-07-20,76.435966,67.327461,21.793427,19.922176,36.279999,71.808365,6.722819,23.501045,75.884766,59.057327,82.750809,69.881927
2020-07-21,76.435966,67.401535,22.002653,20.007853,36.700001,72.131912,6.819076,23.566847,75.971504,59.090824,82.840088,70.147507
2020-07-22,76.427605,67.516739,22.100281,19.985256,37.279999,72.310890,6.859606,23.582327,76.160782,59.090824,83.075508,70.430855
2020-07-23,76.435966,67.598984,22.030546,19.903345,37.580002,72.200768,6.834275,23.586206,76.137131,59.115898,83.984673,69.687126
2020-07-24,76.427605,67.557854,22.044497,20.090706,37.959999,72.324669,6.854539,23.582327,76.097679,59.107506,83.976562,69.315300
2020-07-27,76.427605,67.582535,22.239763,20.214039,38.660000,72.510529,6.920400,23.578455,75.955742,59.048965,83.659958,70.058983
2020-07-28,76.435966,67.631882,22.170025,20.308187,39.000000,72.283363,6.884937,23.617168,75.963608,59.132610,84.220062,69.580902
2020-07-29,76.435966,67.623650,22.211861,20.280888,39.299999,72.717049,6.925467,23.671366,76.279091,59.191208,84.098274,70.466263
2020-07-30,76.427605,67.697685,22.170025,20.107653,38.959999,72.937363,6.834275,23.698460,76.302742,59.249805,84.642174,70.005882
2020-07-31,76.435966,67.779961,22.023563,19.946659,39.380001,73.040627,6.869739,23.756523,76.365829,59.258160,84.536667,69.731407
2020-08-03,76.427605,67.775047,21.990635,19.846855,39.400002,73.050987,6.940665,23.787502,76.498604,59.270737,84.191193,70.545952
2020-08-04,76.435966,67.923302,22.039684,20.163198,40.220001,73.078659,6.981194,23.845554,76.632973,59.354496,84.947166,70.900108
2020-08-05,76.427605,67.799744,22.053709,20.246994,40.619999,73.196236,7.036923,23.864923,76.585526,59.253967,84.264351,71.378174
2020-08-06,76.427605,67.890373,21.990635,20.370331,41.139999,73.306816,7.092650,23.888144,76.743614,59.279091,84.678909,71.688065
2020-08-07,76.435966,67.807976,21.829451,20.374094,40.459999,73.210007,6.991327,23.818468,76.593445,59.228844,84.150543,71.440170
2020-08-10,76.435966,67.717361,21.766376,20.474836,40.340000,73.161606,7.031857,23.799107,76.553955,59.186924,83.776611,71.634933
2020-08-11,76.427605,67.560837,21.801411,20.410816,38.200001,72.532410,6.920400,23.748781,76.372169,59.094784,82.801140,71.413620
2020-08-12,76.427605,67.494965,21.843472,20.569923,38.040001,72.684525,6.986261,23.768147,76.277321,58.994267,82.134567,72.484886
2020-08-13,76.435966,67.297287,21.871508,20.501198,38.919998,72.345726,7.041988,23.694593,75.984856,58.935589,81.272873,72.290131
2020-08-14,76.427605,67.198448,21.913540,20.452242,38.740002,72.172874,7.041988,23.655886,75.747795,58.960773,80.988380,72.157333
2020-08-17,76.427605,67.338470,21.829451,20.590643,39.560001,72.677582,7.153445,23.702333,75.929558,59.011005,81.175323,72.599983
2020-08-18,76.435966,67.437325,21.976616,20.722452,39.939999,72.691429,7.158510,23.818468,76.071815,59.069649,81.744377,72.661957
2020-08-19,76.435966,67.346695,21.892521,20.552982,38.680000,72.407928,7.148379,23.737173,75.984856,59.019382,81.256653,72.298988
2020-08-20,76.435966,67.453773,21.941576,20.614182,38.919998,72.705276,7.143312,23.725557,76.142967,59.103157,81.963875,72.316673
2020-08-21,76.435966,67.486725,21.808426,20.600056,38.619999,72.691429,7.062253,23.802982,76.166641,59.111546,82.410957,72.387505
2020-08-24,76.435966,67.445572,21.857485,20.795887,38.380001,73.085548,7.097716,23.849438,76.150848,59.069649,82.240250,73.140068
2020-08-25,76.427605,67.321999,21.906538,20.835430,38.419998,73.210007,7.163577,23.833948,75.945358,59.011005,81.687492,73.396828
2020-08-26,76.427605,67.305519,21.857485,21.019966,38.919998,73.196236,7.163577,23.888144,76.000671,59.002628,81.378563,73.972298
2020-08-27,76.427605,67.157234,21.822437,21.123533,38.439999,73.099373,7.153445,23.791368,75.779411,58.927231,80.061691,73.804077
2020-08-28,76.435966,67.149033,22.158817,21.447407,39.119999,73.147774,7.209173,23.864923,75.953270,58.994267,80.021049,74.344170
2020-08-31,76.435966,67.206657,22.074734,20.550156,39.220001,73.120148,7.199040,23.973307,76.182487,59.027771,80.476250,73.919197
2020-09-01,76.435966,67.406265,22.233034,20.966299,39.259998,73.472839,7.219305,23.998903,76.346405,59.121696,81.375000,74.476959
2020-09-02,76.435966,67.579460,22.106388,21.044443,38.720001,73.597786,7.128113,23.991138,76.536484,59.146885,82.123955,75.318077
2020-09-03,76.427605,67.587692,22.120457,20.868387,38.459999,73.146523,7.057188,23.909714,76.457306,59.172012,82.360062,73.060371
2020-09-04,76.435966,67.323753,22.099348,20.729044,38.560001,72.938255,7.006526,23.843794,76.029610,59.012672,80.862129,72.785934
2020-09-08,76.435966,67.365021,21.937534,20.466364,38.480000,72.493896,6.824143,23.870939,76.013794,59.079773,81.326164,71.103706
2020-09-09,76.427605,67.348518,22.120457,20.857086,38.820000,73.035454,6.884937,23.878691,76.092987,59.063004,81.081917,72.405220
2020-09-10,76.427605,67.381523,22.028997,20.856144,38.700001,72.764671,6.808945,23.901960,76.092987,59.113323,81.472679,71.387024
2020-09-11,76.419235,67.480484,22.113419,20.962534,38.680000,72.938255,6.854539,23.882570,76.124641,59.163631,81.611107,71.670372
2020-09-14,76.435966,67.496956,22.211918,21.235571,39.000000,72.841049,6.874805,23.867060,76.235497,59.138481,81.659935,72.573448
2020-09-15,76.419235,67.488747,22.282278,21.259111,38.900002,73.000740,6.910268,23.878691,76.322639,59.113323,81.472679,72.998405
2020-09-16,76.435966,67.505211,22.296350,21.338194,39.020000,72.979897,7.016657,23.890329,76.346405,59.088165,81.261047,72.874458
2020-09-17,76.435966,67.546455,22.303392,21.343843,38.799999,73.007652,7.092650,23.905842,76.330597,59.096531,81.480843,72.484886
2020-09-18,76.419235,67.480484,22.190817,21.164957,38.840000,72.792419,7.128113,23.886438,76.259315,59.079773,81.228477,71.847420
2020-09-21,76.419235,67.505211,21.909386,20.891924,38.099998,72.139824,6.945731,23.836037,76.211769,59.121696,81.611107,70.800163
2020-09-22,76.419235,67.538216,21.817924,20.687614,37.900002,72.368942,6.927999,23.828289,76.211769,59.113323,81.545952,71.129364
2020-09-23,76.419235,67.414497,21.480211,20.343027,37.080002,71.688568,6.854539,23.816639,75.855400,59.138481,81.676208,69.759125
2020-09-24,76.427605,67.439201,21.620920,20.119892,37.240002,71.633057,6.884937,23.839911,75.712830,59.138481,81.920441,69.794724
2020-09-25,76.419235,67.496956,21.508350,20.479544,37.119999,71.563622,6.874805,23.867060,75.681175,59.172012,81.977409,70.559921
2020-09-28,76.427605,67.513466,21.494270,20.755405,37.500000,72.070435,6.940665,23.913589,75.950424,59.163631,81.741341,71.672150
2020-09-29,76.427605,67.571182,21.550554,20.807186,37.820000,72.125954,6.839341,23.956244,75.926666,59.197193,81.814575,71.414108
2020-09-30,76.419235,67.480484,21.698303,20.972891,37.599998,72.389771,6.925467,23.898083,75.871208,59.113323,81.130760,71.752220
2020-10-01,76.419235,67.537453,21.783043,21.179079,37.939999,72.623383,6.834275,23.897291,76.065681,59.118393,81.273438,72.330597
2020-10-02,76.419235,67.529213,21.698309,21.002079,37.880001,72.588509,6.738019,23.893408,76.073593,59.101551,80.939186,71.867912
2020-10-05,76.419235,67.306221,21.797173,21.358908,38.080002,73.083588,6.925467,23.827301,75.883110,58.908459,79.423004,73.051300
2020-10-06,76.427605,67.339287,21.768923,21.351374,37.619999,72.923203,6.940665,23.835081,75.930756,58.967216,79.855019,72.303909
2020-10-07,76.419235,67.314507,21.790100,21.619699,37.599998,73.209091,6.965995,23.823410,75.891090,58.883270,79.251778,73.327141
2020-10-08,76.419235,67.405304,21.881903,21.667721,37.740002,73.439209,7.031857,23.912863,76.057747,58.950420,79.683815,73.932198
2020-10-09,76.419235,67.487930,22.037239,21.856960,38.419998,73.550774,7.067319,23.920626,76.137077,58.925262,79.651237,74.492760
2020-10-12,76.427605,67.520935,22.009005,21.742100,38.320000,73.969131,6.986261,23.928413,76.391029,58.958828,79.871338,75.311363
2020-10-13,76.419235,67.628273,21.860718,21.581102,37.720001,73.662376,6.996393,23.951752,76.303757,59.042789,80.466393,74.821976
2020-10-14,76.419235,67.653046,21.881903,21.703501,37.799999,73.494995,7.036923,23.940084,76.335457,59.042789,80.629440,74.492760
2020-10-15,76.419235,67.677834,21.761854,21.311831,37.980000,73.453163,7.057188,23.936190,76.208511,59.017612,80.507195,74.136864
2020-10-16,76.427605,67.694328,21.790100,21.420105,37.860001,73.299736,7.031857,23.943964,76.224380,58.992424,80.287041,74.172424
2020-10-19,76.427605,67.603546,21.825411,21.327835,37.840000,73.146332,7.016657,23.897291,76.129143,58.942036,79.985451,73.469505
2020-10-20,76.419235,67.545708,21.896021,21.499191,38.040001,73.397369,7.082518,23.870075,76.033890,58.891682,79.276230,73.816521
2020-10-21,76.419235,67.463142,22.023117,21.460590,38.340000,73.376465,7.052121,23.873962,75.994232,58.858067,78.999100,73.629669
2020-10-22,76.427605,67.355774,21.973690,21.402216,37.959999,73.494995,7.057188,23.831196,75.970436,58.748913,78.192055,73.914406
2020-10-23,76.427605,67.430099,22.037239,21.506723,37.919998,73.571701,6.991327,23.838972,76.041855,58.790894,78.640388,74.252518
2020-10-26,76.427605,67.512665,21.959576,21.035027,37.900002,72.985962,6.910268,23.881744,76.113258,58.874851,79.374077,72.935654
2020-10-27,76.419235,67.644798,21.952513,21.246866,38.020000,72.999908,6.950797,23.912863,76.279915,58.925262,79.871338,72.624214
2020-10-28,76.419235,67.603546,21.655941,20.711157,37.380001,72.386307,6.778547,23.881744,76.049789,58.925262,79.977325,70.373055
2020-10-29,76.427605,67.487930,21.684187,20.804363,37.240002,72.574593,6.697488,23.811743,75.930756,58.824490,79.211021,70.987007
2020-10-30,76.427605,67.364044,21.705374,20.726215,37.419998,72.727959,6.702554,23.741745,75.756165,58.740536,78.452896,70.284088
2020-11-02,76.427605,67.513680,21.691898,20.779882,37.759998,72.906548,6.808945,23.818565,75.908035,58.761543,78.947632,71.156082
2020-11-03,76.427605,67.464111,21.840816,20.872150,37.980000,73.599823,6.849474,23.806868,75.844406,58.719517,78.523109,72.499634
2020-11-04,76.419235,67.794807,22.124462,21.392801,37.959999,74.258102,6.915333,23.822470,76.560181,58.954876,80.155800,73.860992
2020-11-05,76.427605,67.819580,22.379742,21.659246,38.840000,74.559219,6.945731,23.845863,76.647652,58.954876,80.302734,75.427040
2020-11-06,76.419235,67.720375,22.585390,21.811771,38.900002,74.321121,6.920400,23.748367,76.544281,58.845600,79.388420,75.516014
2020-11-09,76.427605,67.348343,22.741398,22.231678,37.180000,74.853325,6.991327,23.682076,76.202301,58.610256,77.788429,76.726120
2020-11-10,76.419235,67.224312,22.670481,21.923807,37.299999,74.832314,7.117982,23.705484,76.170502,58.509392,77.372086,76.779503
2020-11-11,76.419235,67.348343,22.734306,22.004778,37.139999,74.720284,7.123048,23.748367,76.210274,58.568230,77.616997,77.268860
2020-11-12,76.419235,67.480637,22.663391,21.769402,37.360001,74.300102,7.062253,23.799074,76.464729,58.744717,78.849648,76.450287
2020-11-13,76.427605,67.579842,22.741398,22.131882,37.580002,74.538185,7.031857,23.806868,76.488602,58.694290,78.735359,77.526932
2020-11-16,76.427605,67.563301,22.812304,22.339954,37.599998,74.951355,7.097716,23.775667,76.591980,58.685905,78.580284,78.514580
2020-11-17,76.427605,67.637711,22.876129,22.341833,37.480000,75.021400,7.112915,23.818565,76.711304,58.753124,79.094559,78.354431
2020-11-18,76.427605,67.712112,22.883219,22.375731,37.259998,74.853325,7.128113,23.822470,76.743080,58.753124,79.265984,77.678192
2020-11-19,76.427605,67.803055,22.968315,22.318295,37.200001,75.119453,7.128113,23.853661,76.941910,58.778347,79.690491,78.158691
2020-11-20,76.427605,67.893990,22.939939,22.341833,37.320000,75.000389,7.163577,23.892666,76.902115,58.820374,80.359840,78.034103
2020-11-23,76.427605,67.852676,22.798122,22.431276,36.560001,75.112457,7.188908,23.880953,76.886230,58.786751,79.992531,78.416702
2020-11-24,76.427605,67.794807,22.939939,22.762686,36.000000,75.308495,7.351025,23.880953,76.918060,58.761543,79.249657,79.609032
2020-11-25,76.419235,67.786545,23.039225,22.562149,35.980000,75.301514,7.404221,23.919956,77.013428,58.778347,79.045578,79.484467
2020-11-27,76.427605,67.910515,23.032137,22.656300,35.619999,75.392532,7.391555,23.966751,77.140717,58.862396,79.747597,79.875969
2020-11-30,76.419235,67.943634,22.939939,22.356895,35.400002,75.301514,7.345959,24.001846,77.275887,58.853989,79.633324,78.977280
2020-12-01,76.413399,67.716827,23.175541,23.109161,36.139999,75.613693,7.315561,23.952621,77.059982,58.685730,78.532234,80.151794
2020-12-02,76.421738,67.658852,23.125723,23.088449,36.419998,75.768410,7.351025,23.983871,77.044052,58.660469,77.927330,80.205177
2020-12-03,76.421738,67.774765,23.303667,23.184477,36.660000,75.817612,7.366224,24.050295,77.211403,58.744621,78.548592,80.472137
2020-12-04,76.430107,67.716827,23.367723,23.354889,36.580002,76.134026,7.391555,24.003405,77.036102,58.635239,77.404129,81.246231
2020-12-07,76.413399,67.832695,23.360600,23.582735,37.139999,76.084793,7.386489,24.062006,77.099823,58.736229,78.074486,80.988190
2020-12-08,76.413399,67.882355,23.431789,23.621336,37.259998,76.084793,7.391555,24.104988,77.036102,58.753025,78.409584,81.246231
2020-12-09,76.413399,67.807854,23.367723,23.537542,36.619999,75.916039,7.396621,24.085455,76.844887,58.710938,78.180740,80.747940
2020-12-10,76.413399,67.932030,23.545668,23.742790,36.580002,76.042595,7.508076,24.128431,77.067955,58.795101,78.842873,80.979286
2020-12-11,76.421738,68.047928,23.502964,23.681589,36.639999,75.979340,7.492878,24.132332,77.099823,58.870838,79.145317,80.765739
2020-12-14,76.413399,67.965103,23.481617,23.732550,36.419998,75.958244,7.518209,24.132332,77.131683,58.853996,78.916435,80.587784
2020-12-15,76.413399,67.998268,23.623968,23.990173,36.939999,76.225426,7.579004,24.175310,77.219330,58.820335,78.671196,81.628838
2020-12-16,76.421738,67.915474,23.673794,24.028866,37.119999,76.126976,7.624599,24.171404,77.195457,58.820335,78.474983,81.824593
2020-12-17,76.421738,67.940285,23.837505,24.131725,37.540001,76.253540,7.705657,24.181578,77.283073,58.778278,78.254272,82.349564
2020-12-18,76.421738,67.898903,23.787670,24.144939,37.480000,76.311424,7.746188,24.185495,77.235298,58.778278,78.041771,82.091530
2020-12-21,76.421738,67.948586,23.602612,23.283358,37.360001,76.036079,7.650430,24.177670,77.179504,58.786686,78.360580,81.502525
2020-12-22,76.421738,68.014832,23.481617,23.474926,37.080002,76.134933,7.574432,24.193319,77.314987,58.828766,78.720238,81.421959
2020-12-23,76.413399,67.897911,23.545668,23.922232,37.299999,76.438499,7.665629,24.205070,77.377365,58.792267,78.175034,81.797920
2020-12-24,76.421738,68.005692,23.645313,24.133610,37.459999,76.629143,7.675763,24.216812,77.497337,58.809235,78.511703,81.985893
2020-12-28,76.421738,67.989105,23.652431,24.356323,37.299999,76.699677,7.635231,24.236382,77.513321,58.834709,78.519890,82.361839
2020-12-29,76.421738,68.047096,23.680311,24.441250,37.439999,76.671463,7.665629,24.224638,77.569336,58.834709,78.437790,82.522995
2020-12-30,76.413399,68.063705,23.773195,24.588463,37.720001,76.812622,7.701095,24.232473,77.689316,58.851662,78.577385,82.809448
2020-12-31,76.421738,68.121689,23.773195,24.629988,37.880001,76.904427,7.731494,24.302940,77.705292,58.877110,78.708763,82.872078
2021-01-04,76.421738,68.080307,23.773195,24.902712,38.720001,76.713806,7.706161,24.342085,77.609329,58.902554,78.651253,82.397652
2021-01-05,76.413399,67.997406,23.837513,25.285843,38.820000,76.763237,7.924021,24.318605,77.465340,58.826225,78.076508,83.301750
2021-01-06,76.421738,67.790199,23.773195,25.228279,38.220001,76.650284,7.944288,24.252045,77.209389,58.639626,76.532875,83.892555
2021-01-07,76.421738,67.707306,23.473087,25.233944,38.119999,76.862045,7.974687,24.244219,77.129379,58.537838,75.908867,84.742928
2021-01-08,76.413399,67.690758,23.508808,25.743528,36.799999,76.960899,8.040552,24.146343,77.009377,58.444550,75.662552,85.512749
2021-01-11,76.421738,67.591309,23.258724,25.603863,36.759998,76.544380,7.974687,24.107203,76.817398,58.393661,75.506546,84.742928
2021-01-12,76.413399,67.483597,23.515957,25.960575,36.980000,76.657341,8.111483,24.130684,76.905365,58.385181,75.473701,85.065193
2021-01-13,76.413399,67.748764,23.465940,25.872810,36.820000,76.869087,8.086149,24.181578,77.185371,58.469997,76.245529,85.136795
2021-01-14,76.421738,67.624458,23.594561,25.971899,36.799999,76.840874,8.162148,24.189405,77.089378,58.436058,75.588623,85.280006
2021-01-15,76.421738,67.707306,23.444510,25.568947,36.340000,76.727936,8.045617,24.220724,77.145363,58.529369,75.884209,84.393822
2021-01-19,76.421738,67.748764,23.501673,25.624622,36.639999,76.932663,8.060817,24.279448,77.169373,58.554810,76.105934,85.127838
2021-01-20,76.421738,67.732178,23.623142,26.180449,37.240002,77.123253,8.070950,24.322512,77.193359,58.571754,76.155205,86.157249
2021-01-21,76.421738,67.624458,23.580276,26.059658,37.240002,77.073837,8.070950,24.373405,77.137367,58.546322,75.678940,86.184113
2021-01-22,76.413399,67.624458,23.415918,25.756737,36.919998,76.904427,7.949354,24.326431,77.049393,58.588745,75.859612,85.781296
2021-01-25,76.421738,67.781914,23.330170,25.243380,36.959999,76.904427,8.025352,24.392981,77.201347,58.690502,76.705322,85.969269
2021-01-26,76.413399,67.790199,23.458799,25.286787,36.880001,76.862045,8.035484,24.365576,77.233383,58.682026,76.590385,85.718628
2021-01-27,76.413399,67.748764,23.265867,24.771540,36.660000,76.622009,8.000020,24.361658,77.201347,58.724407,76.820251,83.659798
2021-01-28,76.421738,67.699081,23.344463,25.150898,36.680000,76.826752,7.979753,24.392981,77.081360,58.648132,76.393295,84.340126
2021-01-29,76.421738,67.607887,23.330170,24.322351,36.680000,76.523209,7.979753,24.373405,77.025360,58.614170,75.941673,82.684105
2021-02-01,76.421738,67.685059,23.398315,25.330196,37.020000,76.844933,8.136815,24.342085,77.161636,58.654919,76.044495,84.098427
2021-02-02,76.413399,67.585480,23.484392,25.870926,36.560001,77.092903,8.192547,24.357744,77.089478,58.570004,75.559334,85.262100
2021-02-03,76.413399,67.510811,23.520254,26.064379,36.500000,77.149582,8.258411,24.353828,77.049423,58.502113,74.909737,85.396393
2021-02-04,76.421738,67.452728,23.376801,26.177618,35.720001,77.270050,8.298943,24.330343,77.113541,58.502113,74.745262,85.987175
2021-02-05,76.421738,67.411240,23.505911,26.154970,36.040001,77.418831,8.354674,24.326431,77.081482,58.468166,74.120369,86.515305
2021-02-08,76.421738,67.402977,23.527437,26.495636,36.439999,77.631424,8.476272,24.353828,77.153580,58.459663,74.399933,87.115059
2021-02-09,76.421738,67.444427,23.606333,26.404100,36.540001,77.475517,8.506671,24.365576,77.105522,58.476662,74.457497,87.383575
2021-02-10,76.413399,67.477646,23.663717,26.460724,36.680000,77.510979,8.501605,24.385149,77.257805,58.561516,74.917953,87.374641
2021-02-11,76.421738,67.469330,23.678059,26.692863,36.360001,77.546379,8.476272,24.353828,77.201698,58.527580,74.539726,87.822227
2021-02-12,76.413399,67.278503,23.620686,26.684372,36.259998,77.688103,8.572535,24.318605,77.073441,58.434185,73.626976,88.242912
2021-02-16,76.421738,66.938347,23.462872,26.650404,35.720001,77.518036,8.694131,24.201145,76.632683,58.196480,72.607346,88.359283
2021-02-17,76.421738,67.037903,23.441355,26.751375,35.340000,77.510979,8.729597,24.193319,76.776955,58.230446,73.002045,88.072853
2021-02-18,76.413399,66.954971,23.376801,26.710798,35.340000,77.418831,8.694131,24.091537,76.752884,58.238945,72.763603,87.598427
2021-02-19,76.421738,66.730949,23.276373,26.584345,35.480000,77.447174,8.678931,23.993666,76.448357,58.120090,71.867302,87.822227
2021-02-22,76.413399,66.672836,23.061188,26.026632,36.000000,77.192108,8.891725,24.009323,76.231956,58.069126,71.341064,86.882294
2021-02-23,76.413399,66.581596,23.247686,26.368242,35.939999,77.447174,8.932257,24.009323,76.336136,58.111565,71.110825,87.043442
2021-02-24,76.405052,66.548378,23.312244,26.626810,35.900002,77.461349,9.058921,23.981924,76.384216,58.043682,70.724350,87.598427
2021-02-25,76.413399,65.959328,22.774273,26.281422,35.240002,76.795296,8.987988,23.692232,75.278275,57.500317,69.499123,85.602264
2021-02-26,76.413399,66.432259,22.752756,25.557619,34.380001,76.639412,8.805594,23.981924,75.799194,57.805954,71.702858,84.895103
2021-03-01,76.405052,66.574295,22.873705,26.232351,34.320000,77.394722,8.724530,23.915384,75.994270,57.805969,70.832481,86.909157
2021-03-02,76.405052,66.607498,22.816109,26.500359,34.500000,77.224052,8.749865,24.001503,75.978218,57.899433,70.832481,86.345222
2021-03-03,76.413399,66.408150,22.686504,26.762697,34.139999,77.088905,8.815727,23.950605,75.600899,57.712490,70.083145,85.432182
2021-03-04,76.413399,66.266968,22.499319,26.560751,33.799999,76.733292,8.947456,23.844904,75.191460,57.559547,69.630257,84.187927
2021-03-05,76.413399,66.250328,22.405712,26.665497,33.779999,76.953781,9.139986,23.876228,74.982742,57.500065,69.729073,85.342667
2021-03-08,76.405052,66.075912,22.067327,26.592836,33.459999,76.413254,9.018387,23.743120,74.404709,57.330109,69.234985,84.733978
2021-03-09,76.405052,66.300186,22.312124,26.948605,34.160000,76.484375,9.023455,23.876228,74.717819,57.466099,70.083145,86.049850
2021-03-10,76.405052,66.333420,22.470510,27.008995,34.360001,76.726173,9.079186,24.001503,74.982742,57.568050,70.214905,86.452644
2021-03-11,76.413399,66.408150,22.722504,27.376091,34.320000,76.996429,9.200783,24.009323,75.071053,57.585041,69.770218,87.562622
2021-03-12,76.405052,66.100807,22.535318,26.882544,34.320000,76.818619,9.180516,23.844904,74.605423,57.364124,68.362167,87.571571
2021-03-15,76.405052,66.233742,22.528120,26.772137,34.459999,76.839996,9.155184,23.911459,74.701759,57.381096,68.724487,87.938599
2021-03-16,76.405052,66.158966,22.535318,26.928785,34.480000,76.598152,9.114652,23.958439,74.701759,57.398087,68.510345,87.866989
2021-03-17,76.413399,66.125748,22.628912,26.619259,34.740002,76.697746,9.114652,23.938862,74.822189,57.432076,67.983368,88.242912
2021-03-18,76.405052,65.901497,22.420120,25.852051,34.540001,76.142967,8.689064,23.774450,74.404709,57.228146,67.357567,86.953926
2021-03-19,76.405052,65.959602,22.535318,26.538103,34.700001,76.498611,8.846126,23.817497,74.356544,57.211170,67.752800,87.043442
2021-03-22,76.405052,66.109138,22.384115,26.630581,34.639999,76.704857,8.846126,23.915384,74.517082,57.296154,68.436226,87.432037
2021-03-23,76.413399,66.283546,22.182531,26.506962,34.400002,76.747482,8.587736,23.974094,74.669655,57.432076,69.045578,86.346107
2021-03-24,76.405052,66.374947,22.045734,26.214422,34.500000,76.832855,8.815727,24.036736,74.790062,57.466099,69.399704,85.655045
2021-03-25,76.405052,66.374947,22.024128,25.951134,34.380001,76.896858,8.618134,24.021067,74.782036,57.457584,68.930321,86.148659
2021-03-26,76.405052,66.283546,22.067327,26.564524,34.480000,77.174255,8.825860,24.021067,74.661613,57.347122,68.658569,87.494850
2021-03-29,76.405052,66.150665,21.930531,26.326721,34.060001,77.245384,8.820793,23.962345,74.525116,57.245174,68.090416,87.162796
2021-03-30,76.413399,66.150665,21.908934,26.288973,33.480000,77.081787,8.714398,23.927118,74.589386,57.211170,68.428009,87.144844
2021-03-31,76.405052,66.150665,22.088930,26.410707,34.000000,77.380516,8.732130,23.942780,74.685707,57.126190,68.181015,87.315376
2021-04-01,76.413399,66.284531,22.172812,26.536215,34.419998,77.541809,8.881593,24.003166,74.916557,57.258881,69.117966,88.464149
2021-04-05,76.405052,66.176422,22.216211,26.346537,34.400002,77.613182,8.744797,23.928663,74.667183,57.165329,68.821045,89.478287
2021-04-06,76.396713,66.384354,22.368080,26.412596,34.680000,77.748825,8.800529,23.956106,75.013069,57.343910,69.282913,89.289833
2021-04-07,76.396713,66.342773,22.382534,26.172903,34.580002,77.755928,8.810661,23.967865,75.021095,57.343910,68.845772,89.155205
2021-04-08,76.405052,66.409302,22.577795,26.344650,34.959999,77.784492,8.856259,24.011000,75.246300,57.437492,69.381889,89.720596
2021-04-09,76.396713,66.367691,22.418701,26.234240,34.700001,77.720245,8.835994,23.967865,75.157829,57.369450,69.134453,90.052673
2021-04-12,76.396713,66.292824,22.389769,25.167885,34.480000,77.656029,8.830927,23.971790,75.093491,57.318405,69.134453,89.864197
2021-04-13,76.396713,66.392647,22.483784,25.383043,34.700001,77.684578,8.917059,24.050211,75.358940,57.445999,69.604584,90.205254
2021-04-14,76.396713,66.317795,22.563339,25.719934,34.580002,77.634605,9.139986,24.050211,75.310669,57.420486,69.398369,90.169342
2021-04-15,76.405052,66.542320,22.736908,25.762400,35.119999,77.955803,9.205848,24.179600,75.616295,57.599102,70.437637,91.039886
2021-04-16,76.405052,66.409302,22.679039,25.861486,35.320000,77.798752,9.200783,24.171753,75.310669,57.522572,69.975777,91.389908
2021-04-19,76.396713,66.351082,22.722443,25.283014,35.220001,77.727386,9.210917,24.132547,75.254356,57.505527,69.761292,90.977058
2021-04-20,76.396713,66.484108,22.693508,24.979149,35.380001,77.584656,9.185583,24.148233,75.366959,57.616093,70.107674,89.953949
2021-04-21,76.396713,66.550629,22.700735,24.969709,35.720001,77.763077,9.150117,24.167833,75.511757,57.624611,70.231430,90.869385
2021-04-22,76.405052,66.567268,22.657351,25.052757,35.500000,77.684578,9.226113,24.199192,75.560020,57.633114,70.503601,90.294991
2021-04-23,76.405052,66.525719,22.707972,25.252815,35.360001,77.884392,9.281846,24.199192,75.600227,57.590588,70.379898,91.345039
2021-04-26,76.396713,66.492416,22.686922,25.554790,35.459999,77.805931,9.357844,24.218803,75.560020,57.548073,70.305641,91.614273
2021-04-27,76.405052,66.376022,22.628841,25.836950,35.360001,77.777390,9.454108,24.218803,75.375031,57.420486,69.703552,91.515549
2021-04-28,76.396713,66.351082,22.781298,26.149305,35.439999,77.905823,9.464242,24.305061,75.447418,57.505527,69.777817,91.686081
2021-04-29,76.396713,66.251297,22.759518,26.196491,35.320000,77.984322,9.525038,24.289383,75.383057,57.454491,69.571617,91.892487
2021-04-30,76.405052,66.309502,22.585281,25.828461,35.200001,77.948647,9.438908,24.273691,75.463486,57.505527,69.744804,90.923210
2021-05-03,76.405052,66.306999,22.657881,26.158745,35.639999,77.935028,9.550373,24.333071,75.597275,57.558323,69.788635,91.345039
2021-05-04,76.396713,66.381920,22.519945,25.887909,35.400002,77.913559,9.702367,24.380259,75.589218,57.592373,70.176865,90.456535
2021-05-05,76.405052,66.431831,22.592541,26.219139,35.520000,78.071106,9.727701,24.502165,75.669769,57.651978,70.284241,90.860397
2021-05-06,76.405052,66.456848,22.868420,26.565470,36.119999,77.999504,9.783431,24.470703,75.782578,57.651978,70.383408,91.461716
2021-05-07,76.396713,66.398575,23.078959,26.851402,36.439999,78.085449,9.859428,24.525755,75.855087,57.720062,70.094231,92.323288
2021-05-10,76.396713,66.340294,23.028135,26.656065,36.560001,77.963684,9.813831,24.541481,75.750328,57.660461,69.482941,91.389908
2021-05-11,76.396713,66.207085,23.042656,26.803276,36.580002,77.877739,9.925293,24.486422,75.597275,57.609386,69.111176,90.591148
2021-05-12,76.388359,65.998970,22.766771,26.146479,36.200001,77.505280,9.905025,24.439240,75.218536,57.430599,68.400787,88.634666
2021-05-13,76.388359,66.065582,22.890194,26.452230,36.380001,77.705803,9.641568,24.443172,75.492538,57.549801,68.499908,89.460335
2021-05-14,76.388359,66.148811,22.970051,26.715515,36.700001,77.942215,9.727701,24.521828,75.718109,57.600883,69.036842,90.905281
2021-05-17,76.396713,66.098869,22.962790,26.866503,37.139999,77.856224,9.839162,24.565079,75.637581,57.575367,68.904678,90.725769
2021-05-18,76.396713,66.048927,23.028135,27.125072,37.180000,77.684364,9.803697,24.537556,75.556969,57.592373,68.747704,90.564232
2021-05-19,76.388359,65.998970,22.882935,27.130730,37.220001,77.462296,9.575704,24.376331,75.411911,57.507233,68.590759,90.088562
2021-05-20,76.388359,66.148811,23.020868,27.211891,37.400002,77.770332,9.474375,24.380259,75.702011,57.609386,69.119431,91.120682
2021-05-21,76.396713,66.223732,22.941011,27.135452,37.419998,77.892090,9.580770,24.435316,75.734215,57.617931,69.309456,90.995010
2021-05-24,76.388359,66.273682,22.999090,27.461020,37.459999,78.028152,9.707434,24.494299,75.830933,57.643463,69.540787,91.721992
2021-05-25,76.388359,66.431831,23.028135,27.434601,37.820000,77.999504,9.656767,24.565079,76.040428,57.779682,70.185112,91.739937
2021-05-26,76.388359,66.498451,23.028135,27.743181,37.759998,78.042496,9.692234,24.513948,76.008179,57.737106,70.077744,91.964294
2021-05-27,76.396713,66.373604,23.049913,27.810181,37.740002,78.006660,9.834097,24.502165,75.871246,57.686001,69.772049,92.098907
2021-05-28,76.396713,66.398575,23.137030,27.885675,37.860001,78.006660,9.808764,24.529694,75.895386,57.686001,69.664680,92.359177
2021-06-01,76.388359,66.364380,23.239082,28.140471,37.820000,78.211540,9.981025,24.587341,75.939812,57.706501,69.648163,92.709198
2021-06-02,76.388359,66.439438,23.326553,28.305613,37.980000,78.297798,10.031690,24.579447,76.060860,57.732040,69.805336,92.843826
2021-06-03,76.388359,66.347733,23.173479,28.266924,37.220001,78.189964,9.955691,24.484661,75.802567,57.612732,69.557106,92.332245
2021-06-04,76.396713,66.514420,23.421320,28.542475,37.639999,78.340904,10.067156,24.591290,76.141609,57.800201,70.459053,93.211777
2021-06-07,76.379990,66.506065,23.370295,28.631182,37.779999,78.398422,10.087421,24.543905,76.117393,57.774651,70.252174,93.274612
2021-06-08,76.379990,66.564400,23.377586,28.594379,37.660000,78.455887,10.183685,24.559704,76.294991,57.859844,70.699028,93.247681
2021-06-09,76.379990,66.747780,23.384869,28.452824,37.599998,78.534966,10.127954,24.563646,76.464493,57.953587,71.286514,93.005348
2021-06-10,76.379990,66.789429,23.450481,28.662640,37.779999,78.664360,10.168484,24.693968,76.722832,58.055832,71.683693,93.463089
2021-06-11,76.388359,66.881088,23.311979,28.611607,37.340000,78.700302,10.133020,24.626839,76.714760,58.004742,71.609238,93.633614
2021-06-14,76.379990,66.706108,23.275536,28.665478,37.139999,78.642784,10.092488,24.611046,76.545235,57.885403,71.096184,93.795143
2021-06-15,76.379990,66.672775,23.239082,28.547337,37.000000,78.657188,10.051956,24.662378,76.625954,57.893929,71.021744,93.606697
2021-06-16,76.388359,66.564400,22.932915,28.259073,36.380001,78.556496,9.981025,24.441231,76.238487,57.587166,70.930702,92.996391
2021-06-17,76.379990,66.672775,22.889183,28.051153,35.259998,78.606857,9.737833,24.508364,76.407990,57.655369,71.882301,92.754074
2021-06-18,76.388359,66.781090,22.714233,27.682556,35.060001,78.534966,9.844230,24.524157,76.609825,57.749077,73.173141,91.380936
2021-06-21,76.379990,66.647728,22.801710,28.268526,35.480000,78.685921,9.970892,24.480722,76.472588,57.672371,72.056053,92.639153
2021-06-22,76.379990,66.672775,22.860023,28.212765,35.340000,78.707489,9.981025,24.618933,76.585602,57.757591,72.196716,92.873665
2021-06-23,76.379990,66.639420,22.874599,28.060602,35.320000,78.707489,10.041821,24.626839,76.448341,57.672371,72.031250,92.738365
2021-06-24,76.388359,66.681076,22.976650,28.079502,35.279999,78.880020,10.082355,24.571547,76.537186,57.672371,72.147087,93.414825
2021-06-25,76.388359,66.547752,22.962082,28.149443,35.380001,78.959053,10.046890,24.603142,76.440292,57.604210,71.443726,93.784637
2021-06-28,76.379990,66.739441,23.034979,28.268526,35.380001,78.959053,10.041821,24.634739,76.609825,57.706501,72.130547,93.685432
2021-06-29,76.379990,66.714417,22.940214,28.181580,35.060001,79.052544,10.077289,24.654476,76.706696,57.732040,72.229820,93.703445
2021-06-30,76.379990,66.831108,22.874599,28.060602,35.220001,79.038147,10.178618,24.686069,76.747032,57.783161,72.569107,93.450912
2021-07-01,76.388359,66.813591,22.775806,27.950966,35.320000,79.183136,10.244483,24.709095,76.690460,57.732849,72.579002,93.793648
2021-07-02,76.379990,66.947090,22.900225,28.145662,35.560001,79.320168,10.315414,24.812300,76.876465,57.852245,72.976845,94.190506
2021-07-06,76.371666,67.105614,22.695290,27.899929,35.759998,79.334618,10.041821,24.879768,77.127167,58.048439,73.747543,93.712471
2021-07-07,76.371666,67.239075,22.666012,27.966087,35.880001,79.349030,9.920225,24.859928,77.288872,58.125183,74.443642,93.946983
2021-07-08,76.379990,67.247437,22.629425,27.784628,35.860001,79.190323,10.001291,24.836111,77.337395,58.244576,74.700562,92.873665
2021-07-09,76.379990,67.080559,22.753845,28.092735,35.980000,79.312973,10.107688,24.840084,77.119072,58.082535,73.755783,94.244614
2021-07-12,76.379990,67.147324,22.709934,28.081390,35.919998,79.305748,10.127954,24.895653,77.086723,58.048439,73.639793,94.470108
2021-07-13,76.379990,67.005493,22.563559,27.959473,35.980000,79.096550,10.229283,24.895653,76.892632,57.920479,73.092850,94.028152
2021-07-14,76.371666,67.205704,22.775806,28.151331,36.340000,79.183136,10.117821,24.971073,77.151390,58.082535,73.905006,94.100319
2021-07-15,76.379990,67.322517,22.709934,28.216543,36.380001,79.168724,10.067156,25.050457,77.272713,58.193405,74.634224,93.694420
2021-07-16,76.379990,67.364235,22.739202,28.028465,36.020000,79.038849,10.041821,25.046486,77.224159,58.176361,74.559677,92.972878
2021-07-19,76.371666,67.597862,22.570881,27.760052,36.040001,78.497856,9.661834,25.054432,77.612381,58.449280,76.109367,91.565849
2021-07-20,76.371666,67.589508,22.614792,27.977427,36.020000,78.836845,9.788497,25.050457,77.596199,58.449280,75.446426,92.666206
2021-07-21,76.371666,67.456017,22.644064,28.069105,35.880001,79.089333,10.011424,24.994881,77.345474,58.278706,74.543098,93.613266
2021-07-22,76.379990,67.506088,22.666012,28.253405,35.959999,79.111000,10.102621,25.066334,77.531517,58.372498,75.139786,93.712471
2021-07-23,76.371666,67.547806,22.622108,28.240171,35.820000,79.262451,10.133020,25.177471,77.499153,58.321327,74.675697,94.325783
2021-07-26,76.379990,67.514412,22.629425,28.400846,35.740002,79.154266,10.219151,25.280680,77.418274,58.304291,74.460258,94.217575
2021-07-27,76.371666,67.631218,22.644064,28.044533,35.799999,79.082169,10.178618,25.288614,77.620453,58.432228,75.239227,93.604233
2021-07-28,76.371666,67.622902,22.746525,28.139046,35.980000,79.132629,10.229283,25.360067,77.733688,58.449280,75.264076,94.100319
2021-07-29,76.379990,67.639580,22.878260,28.270418,36.400002,79.276894,10.381279,25.320366,77.612381,58.346912,74.841431,94.560303
2021-07-30,76.371666,67.681305,22.768486,28.396118,36.080002,79.183136,10.320481,25.360067,77.709404,58.466320,75.222618,94.028152
2021-08-02,76.371666,67.822433,22.810371,28.502914,36.080002,79.016663,10.178618,25.360468,77.886841,58.608913,75.822769,94.100319
2021-08-03,76.371666,67.864227,22.854467,29.081331,36.020000,79.038353,10.163419,25.388409,77.886841,58.634518,75.872559,94.794807
2021-08-04,76.371666,67.889259,22.788319,28.949959,36.060001,78.893616,9.996225,25.340502,77.838242,58.574757,76.038551,94.488152
2021-08-05,76.371666,67.797401,22.736883,29.112514,35.880001,79.023880,10.122887,25.248692,77.643784,58.429611,75.681664,94.957161
2021-08-06,76.379990,67.563530,22.553167,28.930113,35.020000,78.958748,10.067156,25.196795,77.319695,58.241806,74.511292,94.875999
2021-08-09,76.379990,67.505066,22.464970,28.816696,34.400002,78.777786,9.920225,25.152887,77.084755,58.164967,74.245712,94.830887
2021-08-10,76.371666,67.463303,22.464970,28.684378,34.400002,78.640259,10.082355,25.172850,76.963219,58.096668,73.930283,94.903046
2021-08-11,76.371666,67.488373,22.567860,28.949015,34.860001,78.770546,10.173553,25.212755,77.092857,58.147896,73.863892,95.281868
2021-08-12,76.371666,67.471642,22.560513,28.983038,34.900002,78.871887,10.138086,25.188814,77.109024,58.096668,73.747688,95.281868
2021-08-13,76.379990,67.605293,22.648695,29.238218,35.360001,79.009415,10.092488,25.252684,77.392609,58.258865,74.818420,95.498329
2021-08-16,76.363304,67.655403,22.597263,29.363920,35.540001,79.031120,10.057023,25.284618,77.489838,58.352772,75.001060,95.281868
2021-08-17,76.363304,67.655403,22.501722,29.302486,35.500000,78.879120,9.950625,25.224739,77.408798,58.318630,75.001060,94.388931
2021-08-18,76.363304,67.655403,22.464970,29.119133,35.520000,78.756073,9.829029,25.216757,77.271080,58.293022,75.216866,93.757591
2021-08-19,76.379990,67.730560,22.325357,28.919716,35.439999,78.727142,9.692234,25.224739,77.408798,58.344242,75.739754,93.270515
2021-08-20,76.379990,67.705490,22.340057,29.260902,35.459999,78.864662,9.464242,25.152887,77.392609,58.310097,75.789574,93.838760
2021-08-23,76.363304,67.697166,22.420889,29.246725,35.880001,79.117973,9.768231,25.208776,77.425003,58.327164,75.731461,94.821861
2021-08-24,76.363304,67.596916,22.531118,29.431971,35.840000,79.241005,10.008890,25.208776,77.303505,58.241806,75.208511,95.335983
2021-08-25,76.363304,67.413193,22.575207,29.428185,35.599998,79.327881,10.112754,25.204782,77.173851,58.139351,74.586029,95.507355
2021-08-26,76.371666,67.438225,22.538467,29.383766,35.639999,79.255501,10.046890,25.208776,77.133331,58.113735,74.826729,94.875999
2021-08-27,76.371666,67.580261,22.736883,30.035900,36.160000,79.516090,10.158352,25.392399,77.392609,58.250343,75.225166,95.886177
2021-08-30,76.371666,67.638687,22.788319,30.352520,36.020000,79.602943,10.188752,25.392399,77.546562,58.344242,75.449234,96.111671
2021-08-31,76.363304,67.438225,22.905905,30.700317,36.119999,79.617393,10.148219,25.332523,77.441246,58.293022,75.017609,96.156746
2021-09-01,76.363304,67.497620,22.940588,30.848701,36.080002,79.700920,10.097556,25.327295,77.510223,58.314369,75.077461,96.625778
2021-09-02,76.379990,67.572853,22.933205,31.079315,36.000000,79.802589,10.234351,25.339350,77.648201,58.340027,75.385086,96.923431
2021-09-03,76.363304,67.455803,22.940588,31.396872,36.380001,79.824394,10.234351,25.303190,77.485855,58.288761,74.794846,97.094780
2021-09-07,76.363304,67.271828,22.852034,31.233368,35.680000,79.613762,10.117821,25.258997,77.209923,58.160564,74.204590,96.833206
2021-09-08,76.363304,67.347107,22.756115,30.924311,35.560001,79.700920,10.188752,25.347387,77.339767,58.228935,74.611916,96.346153
2021-09-09,76.363304,67.572853,22.815145,31.202181,35.700001,79.759010,10.107688,25.479969,77.591415,58.314369,75.459900,96.093643
2021-09-10,76.371666,67.413971,22.785629,31.179497,35.540001,79.679153,10.234351,25.411667,77.485855,58.211830,74.886284,95.606560
2021-09-13,76.371666,67.439087,22.822521,31.188944,35.680000,79.867950,10.310348,25.411667,77.534576,58.254578,75.326904,95.949303
2021-09-14,76.363304,67.572853,22.793009,31.198397,35.880001,79.780815,10.305282,25.427738,77.688820,58.357121,76.124947,95.381081
2021-09-15,76.363304,67.480865,22.815145,31.595348,35.660000,79.969627,10.482611,25.431757,77.631981,58.297302,75.842293,95.958321
2021-09-16,76.371666,67.397255,22.645435,31.601963,34.880001,79.940620,10.426878,25.399612,77.502098,58.177650,75.543022,95.741852
2021-09-17,76.363304,67.288589,22.534756,31.205959,34.840000,79.853455,10.330614,25.319260,77.339767,58.075111,75.185562,94.794807
2021-09-20,76.371666,67.455803,22.416693,30.924311,35.080002,79.584709,10.209017,25.359442,77.542679,58.228935,76.075089,93.085243
2021-09-21,76.363304,67.422318,22.490477,31.142639,35.299999,79.715462,10.198884,25.323278,77.534576,58.220383,75.991943,93.374992
2021-09-22,76.363304,67.497620,22.475725,31.408215,35.160000,79.846176,10.335680,25.311230,77.591415,58.194763,76.382675,94.271454
2021-09-23,76.371666,67.204941,22.468344,31.687025,34.759998,79.860672,10.482611,25.214804,77.242363,57.912766,74.778191,95.330879
2021-09-24,76.363304,67.054428,22.350283,31.595348,34.720001,79.773575,10.543406,25.150522,77.153091,57.818752,74.113129,94.986786
2021-09-27,76.363304,67.020988,22.320768,31.576443,34.820000,79.708168,10.690337,25.166592,77.031311,57.724762,73.830482,94.923409
2021-09-28,76.363304,66.795189,22.143677,31.053791,34.459999,79.359566,10.594071,25.110344,76.657959,57.630756,72.758064,92.949417
2021-09-29,76.371666,66.786827,22.069891,31.055685,34.320000,79.519356,10.609273,25.114363,76.706635,57.690578,72.916016,92.840752
2021-09-30,76.371666,66.770119,22.114159,30.943220,34.919998,79.424927,10.665003,25.142490,76.633591,57.724762,72.916016,92.206894
2021-10-01,76.371666,66.934174,22.264572,31.268337,34.980000,79.591118,10.832198,25.229275,76.985680,57.888119,73.419739,92.949417
2021-10-04,76.354958,66.867195,22.131199,31.066084,35.180000,79.321426,10.979127,25.233315,76.912521,57.828255,73.269882,91.862808
2021-10-05,76.363304,66.683052,22.079346,31.444128,35.000000,79.255844,11.141256,25.269642,76.741753,57.742729,72.653763,92.578156
2021-10-06,76.363304,66.716545,22.064522,31.226753,35.060001,79.212120,10.928461,25.249462,76.692955,57.725597,72.995132,92.578156
2021-10-07,76.363304,66.574242,22.086746,31.387419,34.919998,79.182968,11.065257,25.221199,76.473396,57.605881,72.245766,93.492722
2021-10-08,76.363304,66.457024,22.034889,31.396872,34.939999,79.044479,11.085523,25.229275,76.270088,57.528877,71.812820,93.402161
2021-10-11,76.363304,66.381668,21.908926,31.274008,34.860001,78.767517,11.181787,25.209089,76.115585,57.400558,71.596321,92.913193
2021-10-12,76.363304,66.473808,22.005249,31.394985,35.020000,78.913277,11.151388,25.257528,76.326981,57.528877,72.745331,92.840752
2021-10-13,76.363304,66.641212,22.146019,31.831627,35.619999,79.095490,11.227386,25.378630,76.522179,57.545994,73.403107,93.501770
2021-10-14,76.354958,66.808632,22.168253,32.119884,35.740002,79.532799,11.348982,25.427078,76.725479,57.622971,73.644592,94.796631
2021-10-15,76.363304,66.699791,22.212700,32.228577,35.139999,79.372459,11.445247,25.390736,76.473396,57.434792,73.236580,95.466690
2021-10-18,76.354958,66.616119,22.101572,32.252209,35.060001,79.336037,11.364183,25.342306,76.286346,57.349255,73.478058,95.557236
2021-10-19,76.354958,66.415215,22.146019,32.020653,35.200001,79.394356,11.384449,25.273684,76.099312,57.272274,72.553841,96.245422
2021-10-20,76.354958,66.415215,22.197891,31.850533,35.500000,79.452652,11.506044,25.318083,76.050522,57.280827,72.095886,96.598564
2021-10-21,76.354958,66.297989,21.960791,31.585894,35.480000,79.241257,11.328716,25.378630,75.847214,57.135437,72.004318,96.553299
2021-10-22,76.354958,66.398430,21.975611,31.255102,35.680000,79.066353,11.364183,25.419003,75.985481,57.203854,72.745331,96.607620
2021-10-25,76.363304,66.465408,22.020067,31.067974,35.919998,79.190247,11.419915,25.487617,76.107437,57.272274,72.662048,96.924561
2021-10-26,76.346634,66.532394,21.997831,31.499887,35.660000,79.212120,11.440179,25.580465,76.205048,57.263733,73.194954,96.879288
2021-10-27,76.346634,66.816986,21.975611,31.274008,35.759998,79.124641,11.237519,25.697536,76.457138,57.400558,74.410576,96.308807
2021-10-28,76.363304,66.691406,21.894106,31.018824,35.759998,79.314171,11.278051,25.467438,76.343277,57.315071,74.085846,97.178078
2021-10-29,76.363304,66.599358,21.812609,30.828852,35.459999,79.168381,11.212186,25.423031,76.351402,57.306492,74.293991,96.951714
2021-11-01,76.363304,66.539841,21.735226,31.264561,35.639999,79.072571,11.278051,25.323864,76.280540,57.324474,73.798676,97.549347
2021-11-02,76.346634,66.749344,21.750105,31.217299,35.540001,79.204231,11.308451,25.412918,76.459763,57.452877,74.148903,97.567451
2021-11-03,76.346634,66.673943,21.824512,31.349613,35.240002,79.394409,11.044991,25.376482,76.370155,57.358719,73.456757,98.219398
2021-11-04,76.354958,66.916962,21.787306,31.361898,35.639999,79.584564,10.968994,25.538401,76.639000,57.555611,74.198936,98.382385
2021-11-05,76.354958,67.193474,21.951014,31.595348,36.139999,79.942940,11.115923,25.631508,77.005592,57.718266,75.216248,98.699318
2021-11-08,76.363304,67.051048,22.003096,32.134064,36.259998,79.862488,11.202054,25.716507,76.769325,57.538513,75.074516,98.907585
2021-11-09,76.346634,67.260574,22.084955,31.845804,36.439999,79.920998,11.267919,25.862238,76.924118,57.701172,75.958450,98.635941
2021-11-10,76.346634,66.875046,21.869164,31.703089,36.840000,79.511436,11.151388,25.797464,76.394600,57.290237,74.640892,97.685173
2021-11-11,76.354958,66.808029,21.906364,31.812727,37.040001,79.387085,11.227386,25.785324,76.142052,57.178936,74.524170,97.993050
2021-11-12,76.354958,66.816368,21.854273,32.173759,37.099998,79.387085,11.222320,25.789368,76.239799,57.273121,74.257317,98.645004
2021-11-15,76.354958,66.640396,21.831955,32.122719,37.060001,79.291977,11.222320,25.785324,75.897614,57.153263,73.365074,98.590652
2021-11-16,76.346634,66.573372,21.683134,31.803278,36.799999,79.313927,11.217253,25.744848,75.816139,57.136135,73.164902,98.762703
2021-11-17,76.346634,66.699059,21.690580,31.700258,37.099998,79.196892,11.120990,25.797464,76.003548,57.264561,73.715294,98.400505
2021-11-18,76.354958,66.749344,21.601288,31.448858,37.000000,79.109146,11.151388,25.813658,76.068710,57.281647,73.982101,98.436729
2021-11-19,76.354958,66.967232,21.489676,31.359064,36.740002,79.050606,10.984195,25.761034,76.190918,57.315907,74.707611,97.993050
2021-11-22,76.354958,66.724236,21.303638,30.703154,35.900002,78.758049,11.055125,25.558634,75.685799,57.033382,73.873718,97.431633
2021-11-23,76.346634,66.389015,21.221788,31.170044,35.599998,78.648338,11.262852,25.453392,75.400665,56.939213,72.889732,97.413506
2021-11-24,76.354958,66.531456,21.162262,30.727730,35.560001,78.611778,11.232452,25.538401,75.498421,56.990612,73.932083,97.467850
2021-11-26,76.346634,66.958855,21.035774,29.960289,35.500000,78.012047,10.573807,25.671980,75.970932,57.470036,75.658234,95.013954
2021-11-29,76.354958,66.908569,21.072973,29.894131,35.459999,78.487457,10.558606,25.611261,75.979073,57.435760,75.099510,95.856056
2021-11-30,76.346634,67.051048,21.206907,29.979197,35.220001,78.136360,10.269815,25.623404,76.093147,57.564186,76.241966,94.416306
2021-12-01,76.354958,67.088783,21.169550,30.112455,35.360001,78.211998,10.168484,25.549978,76.107033,57.642143,76.596039,93.420265
2021-12-02,76.354958,67.130737,21.199438,30.680477,35.139999,78.755157,10.279949,25.622999,76.131516,57.487923,76.646141,94.860016
2021-12-03,76.346634,67.332085,21.184492,30.232487,35.459999,78.747818,10.279948,25.667627,76.498779,57.693573,77.472878,93.981697
2021-12-06,76.346634,67.223015,21.169550,29.865780,35.380001,79.041428,10.459330,25.570263,76.278442,57.513622,76.495796,95.013954
2021-12-07,76.346634,67.038460,21.311525,30.271238,35.500000,79.525902,10.604217,25.602713,76.319221,57.333679,75.944633,96.978889
2021-12-08,76.354958,66.979729,21.460974,30.607698,35.500000,79.540565,10.749101,25.562149,76.115166,57.256542,74.808891,97.341072
2021-12-09,76.346634,67.046852,21.363831,30.544373,35.299999,79.151535,10.604217,25.460730,76.115166,57.325119,75.251518,96.471802
2021-12-10,76.354958,67.038460,21.431086,30.672911,35.419998,79.327690,10.714605,25.460730,76.213097,57.342243,75.092834,96.960762
2021-12-13,76.354958,67.239815,21.333937,30.231047,35.540001,79.342407,10.659411,25.456667,76.408997,57.479347,76.094994,95.982826
2021-12-14,76.354958,67.130737,21.206911,30.158686,35.200001,79.217621,10.569720,25.391760,76.213097,57.427933,75.894547,95.385193
2021-12-15,76.354958,67.097221,21.236809,30.081509,35.360001,79.489212,10.604217,25.416101,76.343689,57.367966,75.226456,96.589523
2021-12-16,76.346634,67.088783,21.259220,30.038092,35.759998,79.401115,10.693906,25.460730,76.498779,57.539322,75.284935,96.046227
2021-12-17,76.354958,67.164291,21.177021,29.603943,35.700001,79.361351,10.569720,25.487722,76.547737,57.590755,76.053192,95.167870
2021-12-20,76.346634,67.139145,21.236809,29.228651,35.560001,79.272934,10.481658,25.467278,76.433502,57.599312,75.568840,94.296616
2021-12-21,76.338249,66.937805,21.333937,29.684021,35.540001,79.663361,10.715449,25.512274,76.384521,57.445061,75.284935,95.893173
2021-12-22,76.338249,66.929375,21.498335,30.106588,35.900002,79.899124,10.840137,25.594103,76.425308,57.462208,75.610641,96.778107
2021-12-23,76.338249,66.821495,21.588011,30.380585,35.959999,80.134842,10.894690,25.532730,76.391586,57.383743,75.022621,97.398499
2021-12-27,76.346634,66.889442,21.588011,30.487671,36.020000,80.179008,11.034964,25.630919,76.498581,57.375107,75.156471,98.429413
2021-12-28,76.338249,66.863953,21.483389,30.645897,35.900002,80.149574,11.011585,25.614555,76.506813,57.400974,74.905556,98.319923
2021-12-29,76.338249,66.574944,21.388828,30.776142,35.880001,79.994850,11.066136,25.635012,76.251678,57.262985,74.094261,98.356415
2021-12-30,76.346634,66.727943,21.456373,30.710508,36.119999,79.950676,11.003793,25.770020,76.440971,57.375107,74.721542,98.274300
2021-12-31,76.346634,66.693939,21.463879,30.778070,36.360001,79.980133,10.957035,25.729103,76.333977,57.323380,74.788467,98.009727
2022-01-03,76.338249,66.421959,21.411345,31.223988,35.799999,79.928581,11.003793,25.594103,75.848480,57.030136,73.057159,98.575371
2022-01-04,76.346634,66.370941,21.291269,31.318584,36.080002,79.781235,11.144068,25.491829,75.906075,57.047428,72.739349,98.611870
2022-01-05,76.346634,66.217934,21.253746,31.227852,35.959999,79.169769,11.081723,25.303629,75.511040,56.857704,72.396446,96.933197
2022-01-06,76.346634,66.124435,21.261244,31.264528,35.540001,79.184525,11.167446,25.189079,75.371162,56.728321,72.521889,96.841988
2022-01-07,76.346634,66.013924,21.373829,31.610065,35.680000,78.970894,11.198619,25.156351,75.157204,56.616199,72.020058,96.705132
2022-01-10,76.338249,65.954414,21.313774,31.690176,35.799999,78.978271,11.151862,25.172710,75.091377,56.581696,72.170609,96.385826
2022-01-11,76.329926,66.030914,21.418848,32.199795,36.240002,79.376076,11.370067,25.348631,75.190125,56.659313,72.546982,97.498833
2022-01-12,76.338249,66.073402,21.613970,32.491283,36.320000,79.501297,11.463582,25.189079,75.239532,56.676579,72.321182,98.037117
2022-01-13,76.346634,66.166924,21.553947,32.362919,36.220001,79.272934,11.346687,25.209530,75.379395,56.780045,72.915001,96.823730
2022-01-14,76.346634,65.928894,21.508909,32.129337,36.119999,79.199280,11.486961,25.082718,74.959686,56.538597,71.869530,96.814598
2022-01-18,76.329926,65.546371,21.268757,31.658327,36.060001,78.794113,11.588271,24.964062,74.391907,56.228107,70.907692,95.154205
2022-01-19,76.346634,65.639908,21.546429,31.484591,36.639999,78.720413,11.635031,24.923155,74.482445,56.331619,71.384407,94.615929
2022-01-20,76.346634,65.758911,21.568941,31.261633,36.520000,78.543625,11.588271,24.964062,74.490662,56.366108,71.785858,93.840462
2022-01-21,76.338249,65.945923,21.613970,30.760696,36.419998,78.521538,11.603858,25.107252,74.803329,56.590343,72.588783,92.243904
2022-01-24,76.346634,65.843895,21.501404,29.731804,36.580002,78.440491,11.564893,25.180899,74.753967,56.590343,72.036766,92.125320
2022-01-25,76.329926,65.758911,21.508909,30.191235,36.740002,78.226852,11.673995,25.111341,74.630539,56.529968,71.911331,91.213013
2022-01-26,76.338249,65.486923,21.321287,29.862101,36.139999,77.961647,11.720754,24.972248,74.202583,56.254005,71.133507,90.802452
2022-01-27,76.346634,65.639908,21.336298,29.669064,35.680000,77.600708,11.775305,25.054073,74.301369,56.305744,72.304420,90.118217
2022-01-28,76.329926,65.724907,21.343807,30.076372,35.560001,77.777473,11.798684,25.135889,74.383652,56.417854,72.312782,91.605301
2022-01-31,76.346634,65.529373,21.538929,30.815716,35.759998,77.770126,11.814269,25.213629,74.441277,56.417854,72.020058,93.521164
2022-02-01,76.338249,65.483429,21.618839,30.918026,35.779999,78.191597,11.876615,25.056639,74.495697,56.385914,71.826576,94.260132
2022-02-02,76.346634,65.577049,21.701744,31.147741,35.939999,78.265549,11.946752,25.073029,74.545174,56.454964,72.069435,94.816650
2022-02-03,76.346634,65.262177,21.716822,30.661282,35.880001,77.659225,11.938959,24.917269,74.124641,56.316853,71.541786,92.982887
2022-02-04,76.329926,64.904701,21.694206,30.612057,35.939999,77.319115,12.040268,24.782003,73.646400,55.971550,70.519859,93.393440
2022-02-07,76.329926,64.879189,21.686670,30.336014,36.220001,77.252548,12.063648,24.769716,73.712387,56.006100,70.586861,93.283951
2022-02-08,76.338249,64.691925,21.739433,30.405508,36.299999,77.171219,11.977924,24.732819,73.506233,55.876621,70.117836,93.995567
2022-02-09,76.329926,64.751472,21.852512,30.779036,36.439999,77.548347,12.087028,24.782003,73.671150,55.919781,70.226685,95.528236
2022-02-10,76.329926,64.274857,21.837431,30.413229,36.320000,76.579689,12.040268,24.568863,72.904358,55.427738,69.196419,94.150650
2022-02-11,76.329926,64.598289,21.694206,29.851484,37.000000,76.254356,12.203922,24.798407,73.390831,55.824806,70.260185,92.517624
2022-02-14,76.321548,64.223808,21.694206,29.277195,37.180000,76.165634,12.274060,24.753319,72.962067,55.557228,69.363960,92.052353
2022-02-15,76.338249,64.172760,21.867577,30.287748,36.840000,76.239571,12.079233,24.642643,72.797157,55.496796,68.651947,93.667122
2022-02-16,76.338249,64.249329,21.958036,30.292578,37.220001,76.661041,12.087028,24.687731,72.846619,55.617649,69.020523,93.949936
2022-02-17,76.329926,64.445099,21.920349,30.085064,37.720001,76.335678,12.188336,24.753319,72.995026,55.798908,69.514732,92.134438
2022-02-18,76.338249,64.555725,21.897738,30.098577,37.680000,76.439224,12.235095,24.814798,73.003304,55.867992,70.193192,91.486725
2022-02-22,76.338249,64.385544,21.799746,29.831217,37.759998,76.283936,12.398749,24.892681,72.896103,55.867992,70.352348,90.401039
2022-02-23,76.329926,64.232330,21.731899,29.592817,37.950001,76.158218,12.515645,24.917269,72.516838,55.678066,69.414207,89.142059
2022-02-24,76.329926,64.300415,21.045950,28.762749,37.720001,76.638847,12.601369,25.019749,72.624023,55.790287,69.506355,89.516113
2022-02-25,76.329926,64.300415,21.543451,29.795504,37.570000,77.067711,12.383163,24.995157,72.772446,55.773010,69.514732,91.495834
2022-02-28,76.329926,64.760010,20.488140,29.602465,37.959999,77.119446,12.609162,25.417336,73.357834,56.161480,70.813034,90.930183
2022-03-01,76.348282,65.300186,20.283033,28.839964,38.669998,76.807709,13.131297,25.620642,73.670914,56.583981,71.731636,89.415756
2022-03-02,76.348282,64.703781,20.055984,29.253067,38.250000,77.052650,13.536535,25.448147,72.894470,56.013737,69.558929,90.747734
2022-03-03,76.356644,64.703781,20.267908,28.622795,38.480000,76.859665,13.731361,25.419401,73.067917,56.134697,70.120964,89.798912
2022-03-04,76.356644,65.027534,20.116531,28.049473,39.099998,76.325256,14.308047,25.608326,73.233109,56.480301,71.295410,88.485184
2022-03-07,76.356644,64.661133,19.601892,27.113232,39.680000,75.605278,14.604184,25.768507,72.630150,56.298855,70.783676,85.666153
2022-03-08,76.356644,64.303307,19.851646,27.623821,40.770000,75.382607,14.853560,25.871183,72.134537,56.013737,70.070656,85.574913
2022-03-09,76.356644,64.098824,20.161945,28.856371,39.560001,75.954132,13.684603,25.624752,72.084961,55.832310,69.399574,88.156738
2022-03-10,76.356644,63.775040,20.018145,28.782051,39.680000,75.375191,13.505363,25.567255,71.622429,55.642220,68.535522,87.472519
2022-03-11,76.348282,63.809132,19.904623,28.472229,39.389999,74.781372,13.739155,25.743862,71.498520,55.599003,68.736809,86.359505
2022-03-14,76.356644,63.263824,19.798664,28.811007,38.810001,73.927795,13.318331,25.468672,70.697281,55.141079,67.277206,85.821220
2022-03-15,76.339943,63.425724,19.912195,29.272366,38.080002,74.395401,12.967643,25.259212,70.895546,55.132446,67.109451,87.180580
2022-03-16,76.356644,63.408661,20.146811,29.998194,38.330002,75.464264,12.889712,25.131889,71.110283,55.011494,67.671471,89.944893
2022-03-17,76.356644,63.536476,20.245201,30.047422,38.500000,75.954132,13.489776,25.464571,71.539833,54.959633,67.159767,90.884567
2022-03-18,76.348282,63.613155,20.419260,30.246250,38.150002,76.228767,13.544328,25.394754,71.696754,55.054672,67.889595,91.851624
2022-03-21,76.348282,63.170120,20.199791,29.698986,38.459999,75.471687,14.082048,25.168854,70.961594,54.527645,66.371231,91.620216
2022-03-22,76.348282,62.974110,20.131664,29.944143,38.180000,75.827942,14.027497,25.049742,70.763344,54.354839,65.666573,92.662903
2022-03-23,76.364990,63.161556,20.154375,29.441282,38.689999,75.493958,14.362599,25.365999,70.912048,54.553555,66.950043,91.528740
2022-03-24,76.364990,63.110435,20.169510,29.911327,38.990002,75.657249,14.261289,25.209927,70.763344,54.389389,66.446709,92.562294
2022-03-25,76.348282,62.718540,20.154375,29.885267,38.840000,75.211906,14.362599,25.033318,70.251259,53.940102,65.515579,92.772682
2022-03-28,76.348282,62.744083,20.177078,30.090853,38.139999,75.612717,13.746947,25.016886,70.424728,53.983303,66.010513,93.074493
2022-03-29,76.348282,62.888931,20.388990,30.632328,38.139999,76.533066,13.746947,24.918320,70.879005,54.173386,66.589363,94.583687
2022-03-30,76.364990,62.948563,20.472242,30.308022,38.430000,76.369781,14.019705,25.025099,71.052483,54.302998,67.017159,94.062302
2022-03-31,76.364990,63.161556,20.426836,30.078306,38.470001,76.080345,13.746947,24.934746,71.069008,54.354839,67.444992,92.644615
2022-04-01,76.364990,62.983288,20.477697,30.636189,38.200001,76.116104,13.801498,24.815928,70.945663,54.015770,67.418098,93.239143
2022-04-04,76.356644,63.077122,20.515669,31.388073,38.410000,76.652573,14.089843,24.807674,71.127754,54.059025,66.955841,93.998314
2022-04-05,76.348282,62.514057,20.257521,31.089828,38.169998,75.713707,13.972946,24.622025,70.242058,53.609253,65.543945,92.644615
2022-04-06,76.356644,62.403164,20.181589,30.820539,38.250000,75.102684,13.863844,24.522999,69.894455,53.591969,65.006088,91.611069
2022-04-07,76.356644,62.249653,20.128439,30.767452,38.389999,74.938759,13.910603,24.485870,69.737183,53.583305,64.510239,91.821442
2022-04-08,76.348282,62.002239,20.113251,31.009716,38.639999,74.499130,14.082048,24.527122,69.455719,53.393002,63.879944,91.601936
2022-04-11,76.356644,61.669533,20.067698,30.808958,38.810001,73.970100,13.965154,24.489998,68.992195,53.306522,62.972290,90.321404
2022-04-12,76.356644,61.848675,20.174000,30.409367,39.119999,74.499130,14.378186,24.485870,69.182564,53.583305,62.863060,89.946396
2022-04-13,76.356644,61.899860,20.166399,30.433496,39.310001,74.946220,14.705495,24.448736,69.430893,53.643860,62.997501,91.053146
2022-04-14,76.348282,61.584236,20.014547,30.182547,39.180000,74.454453,14.845767,24.436369,68.851479,53.306522,61.804108,90.184227
2022-04-18,76.356644,61.473301,20.044916,30.104366,39.310001,74.364990,15.017216,24.428110,68.503838,53.245968,61.568825,89.928116
2022-04-19,76.348282,61.234463,19.893066,29.814806,38.709999,74.312836,14.619769,24.296093,68.098244,52.934593,61.056141,90.952522
2022-04-20,76.364990,61.447720,20.022144,30.241425,38.910000,74.499130,14.627563,24.481745,68.445869,53.159481,62.266361,91.025688
2022-04-21,76.364990,61.208839,19.961397,30.230806,38.770000,74.029686,14.596390,24.576643,67.858200,52.943245,61.753704,89.635429
2022-04-22,76.356644,61.080902,19.703243,29.837971,38.389999,73.612404,14.323632,24.481745,67.833344,52.977837,61.467949,87.604919
2022-04-25,76.364990,61.481865,19.614021,29.785852,37.709999,74.096741,14.222324,24.469366,68.321747,53.194073,62.039463,87.705528
2022-04-26,76.356644,61.550083,19.408119,29.674856,37.779999,73.672020,14.432736,24.518873,68.404503,53.462212,62.619316,85.309151
2022-04-27,76.356644,61.345375,19.377609,29.748209,37.480000,73.329292,14.541840,24.473494,67.949234,53.315159,61.921783,85.629288
2022-04-28,76.373360,61.311249,19.293732,30.125601,37.669998,73.686905,14.635356,24.609640,68.032028,53.194073,61.963779,87.403702
2022-04-29,76.356644,60.927338,19.293732,29.493399,37.669998,72.733139,14.534045,24.390976,67.518806,53.012440,61.249462,85.144508
2022-05-02,76.364990,60.705238,19.133581,29.708637,36.980000,72.683746,14.775630,24.081192,67.216812,52.782986,60.276970,85.418907
2022-05-03,76.356644,60.867558,19.270851,29.719254,37.070000,73.087845,14.526253,24.143482,67.473999,52.791645,60.622162,85.876244
2022-05-04,76.373360,61.055477,19.492002,29.689335,37.439999,73.843658,14.993837,24.346970,68.038170,53.086052,60.900021,87.934189
2022-05-05,76.373360,60.645481,19.103079,28.824522,37.299999,72.511665,14.931492,24.085348,67.332993,52.765667,59.342377,84.934135
2022-05-06,76.373360,60.346523,19.019203,28.451956,37.369999,72.115028,14.970456,24.014750,66.951370,52.601162,58.550907,84.092674
2022-05-09,76.364990,60.517338,18.798037,27.961636,36.830002,71.314339,14.315843,23.931698,67.150475,52.921528,59.022411,81.303001
2022-05-10,76.364990,60.799217,18.805670,27.517649,36.480000,71.621140,14.206738,23.823729,67.341248,52.999451,59.552891,81.586533
2022-05-11,76.364990,60.961498,18.759909,27.228092,36.820000,71.254486,14.541840,24.101959,67.473999,53.146660,60.554806,80.543839
2022-05-12,76.373360,61.200665,18.706528,27.150875,36.230000,71.142250,14.611978,23.981527,67.598473,53.285187,60.529549,80.424927
2022-05-13,76.381699,60.987164,18.767530,27.310135,35.959999,71.232033,14.783423,24.122717,67.407646,53.112007,59.687584,82.647514
2022-05-16,76.373360,61.064011,18.828550,27.218437,36.290001,71.089851,15.009422,24.131020,67.523827,53.267872,59.712849,82.382286
2022-05-17,76.373360,60.696732,18.973442,27.916273,36.060001,71.029976,14.892527,24.002293,67.175339,52.956158,59.022411,84.083519
2022-05-18,76.373360,60.850468,18.912422,27.271526,36.090000,70.438789,14.549632,24.172550,67.291481,53.163963,60.150650,81.284698
2022-05-19,76.390015,60.961498,19.186964,27.422094,36.610001,70.932709,14.728871,24.077045,67.490616,53.302505,60.327469,81.495071
2022-05-20,76.390015,61.072552,19.247971,27.643122,36.630001,70.865364,14.767839,24.097801,67.747795,53.458359,60.984207,81.723747
2022-05-23,76.390015,60.867558,19.400486,27.792728,36.820000,71.074898,14.853560,24.014750,67.548698,53.250546,60.074879,83.004242
2022-05-24,76.381699,61.166538,19.453875,27.574598,37.099998,71.419106,14.853560,24.139332,68.038170,53.579586,61.169460,82.299973
2022-05-25,76.390015,61.388611,19.484383,27.372869,36.860001,72.504158,14.947079,24.168406,68.411491,53.700809,61.346287,82.885338
2022-05-26,76.406731,61.303181,19.606396,27.594862,36.799999,73.604149,15.126319,24.263908,68.668686,53.666168,61.085247,84.284752
2022-05-27,76.390015,61.448395,19.606396,27.817822,36.830002,74.292633,15.328938,24.322046,68.876114,53.657501,61.262066,85.985985
2022-05-31,76.381699,60.978573,19.560637,27.947157,36.459999,73.798729,15.204247,24.168406,68.403198,53.363125,60.007515,85.565254
2022-06-01,76.382523,60.824627,19.444237,27.865122,36.700001,73.532684,15.305557,24.061394,68.055626,53.122978,59.895321,84.924995
2022-06-02,76.399261,60.747631,19.651005,28.596735,37.139999,73.750641,15.625073,24.170492,68.138771,53.166344,59.971245,86.644547
2022-06-03,76.382523,60.636429,19.582079,27.847742,36.750000,73.179451,15.773142,24.338346,68.014023,53.096973,59.794079,85.254272
2022-06-06,76.390892,60.328503,19.474867,27.836161,36.599998,72.705978,15.851071,24.166298,67.689705,52.836918,58.806927,85.583519
2022-06-07,76.382523,60.499596,19.459547,27.892147,36.830002,72.803665,15.952382,24.229246,67.889313,52.975609,59.380646,86.214676
2022-06-08,76.390892,60.294308,19.359993,27.601622,36.799999,72.157326,16.100451,24.157909,67.639824,52.845585,58.874416,85.364021
2022-06-09,76.399261,60.037697,19.199175,27.428852,36.680000,71.563583,16.123829,24.170492,67.265633,52.810905,59.051605,83.434135
2022-06-10,76.382523,59.652794,18.931131,27.079451,37.189999,70.293449,15.960175,24.057201,66.533844,52.368782,58.655041,81.248116
2022-06-13,76.390892,58.720455,18.624804,26.591061,36.200001,67.880959,15.765347,23.645962,65.394585,51.692635,56.908558,78.220627
2022-06-14,76.382523,58.446766,18.540562,26.727158,35.930000,68.422089,15.609488,23.327042,64.945526,51.441227,56.216713,77.973679
2022-06-15,76.390892,59.182354,18.854555,26.957836,36.380001,69.639587,15.593901,23.645962,66.026588,51.970024,57.212296,79.208458
2022-06-16,76.407608,59.019814,18.754990,26.195335,36.799999,68.482231,15.679626,23.599808,65.968376,52.195427,57.693222,76.720604
2022-06-17,76.399261,59.225090,18.716707,26.117155,36.500000,68.873032,15.102939,23.587215,65.960045,52.126057,57.878838,76.802933
2022-06-21,76.415939,58.891510,18.754990,26.601681,36.369999,68.640030,15.056180,23.494894,65.577568,52.013374,56.967625,78.413200
2022-06-22,76.424286,59.293526,18.854555,26.187614,36.509998,68.677597,14.791217,23.650154,65.993309,52.455479,58.376625,77.971016
2022-06-23,76.424286,59.712662,18.831579,26.454008,36.290001,69.166115,14.471701,23.708900,66.434052,52.672215,58.832256,78.440842
2022-06-24,76.407608,59.567234,18.885181,26.861320,36.220001,69.632080,14.588597,23.738279,66.550453,52.576851,58.123497,80.799118
2022-06-27,76.407608,59.327763,18.785624,26.663452,36.189999,69.301414,14.604184,23.562035,66.001640,52.394794,57.634155,80.596458
2022-06-28,76.424286,59.293526,18.747330,26.352663,36.150002,68.376999,14.736666,23.486511,65.960045,52.394794,57.861954,79.454178
2022-06-29,76.432625,59.635685,18.762655,26.523502,36.119999,68.256737,14.518459,23.440348,66.234467,52.680870,58.705692,79.214645
2022-06-30,76.441032,60.012054,18.747330,26.478136,35.880001,68.174080,14.058671,23.415171,66.542160,53.018963,59.195042,78.615852
2022-07-01,76.435173,60.458321,18.771189,26.571762,35.869999,68.765495,14.105428,23.797073,67.265678,53.417381,59.815598,79.104103
2022-07-05,76.435173,60.415482,18.501829,26.581413,35.110001,68.705032,13.193641,23.725250,67.307335,53.530216,60.238304,78.689560
2022-07-06,76.435173,60.184196,18.240156,26.994514,34.549999,68.440712,12.975434,23.505575,66.907211,53.200371,59.325230,78.735626
2022-07-07,76.435173,60.090000,18.347900,27.101648,34.580002,69.551041,13.481983,23.467556,66.857224,52.983379,58.851791,79.988464
2022-07-08,76.426781,59.952923,18.332502,27.006098,34.590000,69.694542,13.715775,23.463329,66.690529,52.783722,58.234600,79.960823
2022-07-11,76.435173,60.192787,18.063135,26.983896,34.400002,69.309326,13.746947,23.497131,66.873909,53.000732,59.181499,78.772469
2022-07-12,76.426781,60.295574,18.032356,26.909580,34.270000,69.566132,13.100124,23.488668,67.007256,53.104893,59.468971,78.321083
2022-07-13,76.426781,60.492592,18.101625,26.609404,34.439999,69.430191,13.154675,23.594294,67.298988,53.122250,60.119938,78.044716
2022-07-14,76.435173,60.398376,17.916912,26.666349,33.950001,69.233772,13.037779,23.560493,66.948929,52.966022,59.629597,77.445946
2022-07-15,76.426781,60.518280,18.093922,27.052423,33.880001,70.185501,13.209228,23.687227,67.348984,53.078854,60.001595,78.744850
2022-07-18,76.426781,60.346970,18.101625,26.861320,33.919998,69.498161,13.458605,23.661890,67.082298,52.992062,59.392845,78.606667
2022-07-19,76.426781,60.278435,18.232460,27.383488,34.009998,70.442360,13.520949,23.628086,67.098969,52.809772,59.080040,80.614876
2022-07-20,76.426781,60.227039,18.186275,27.348742,33.689999,70.797318,13.497570,23.606968,66.948929,52.757687,59.274494,80.882050
2022-07-21,76.451881,60.569660,18.224760,27.769564,34.160000,71.703720,13.248192,23.759048,67.782440,53.200371,60.170689,81.738754
2022-07-22,76.460220,61.032227,18.332502,27.594862,34.250000,71.605545,13.115710,23.957609,68.232559,53.608334,61.142971,81.038643
2022-07-25,76.451881,60.963696,18.417171,27.604515,34.150002,71.567772,13.333916,23.898462,67.890816,53.504173,60.627224,81.342636
2022-07-26,76.451881,61.066490,18.324808,27.199135,34.130001,71.076797,13.380673,23.915361,67.949135,53.512856,60.686398,80.356964
2022-07-27,76.451881,61.152172,18.540298,27.797556,34.459999,71.809486,13.661224,24.054770,68.157555,53.634384,60.424320,82.300697
2022-07-28,76.460220,61.589046,18.678839,28.270502,34.869999,72.610146,13.676809,24.308245,68.866028,54.024982,60.863937,83.102135
2022-07-29,76.468590,61.700382,18.732716,28.675879,34.990002,72.798965,13.731361,24.451883,69.149437,54.033657,60.745602,84.106270
2022-08-01,76.474449,61.929436,18.842554,28.987640,35.169998,72.934021,13.443019,24.446342,69.105171,54.171005,62.068115,83.903595
2022-08-02,76.482872,61.440441,18.618233,29.223148,34.970001,72.569817,13.372881,24.152420,68.319786,53.606003,60.848106,83.249550
2022-08-03,76.474449,61.672081,18.811607,29.168129,35.070000,73.207191,13.263779,24.275957,68.779305,53.710308,61.712296,84.235237
2022-08-04,76.491234,61.895115,18.927639,29.100563,35.630001,73.396889,13.123505,24.271698,69.071732,53.945011,61.729221,84.373405
2022-08-05,76.507957,61.337509,18.803879,28.869884,35.220001,73.093361,13.068953,24.041674,68.386627,53.362610,60.382122,84.179962
2022-08-08,76.516319,61.449051,18.935368,29.049412,35.529999,73.192017,13.232605,24.195019,68.495247,53.553841,61.212402,84.299713
2022-08-09,76.507957,61.363251,18.896702,28.966402,35.619999,72.630531,13.372881,24.131123,68.261261,53.423447,60.975193,83.848343
2022-08-10,76.516319,61.509083,19.213825,29.449965,35.560001,73.723167,13.513157,24.097050,68.804375,53.493000,60.576981,85.699959
2022-08-11,76.516319,61.148762,19.221569,29.216391,35.470001,73.358948,13.793707,23.994820,68.436745,53.284382,59.331543,85.755226
2022-08-12,76.533012,61.354649,19.368532,29.445141,35.779999,74.034241,13.746947,24.101305,69.029953,53.406075,59.916157,86.915939
2022-08-15,76.524696,61.560558,19.213825,29.451897,35.340000,73.890091,13.544328,24.080013,69.055016,53.545155,59.941563,86.934372
2022-08-16,76.533012,61.354649,19.144220,29.757860,35.270000,73.609329,13.411845,24.075748,68.862846,53.458218,60.170303,87.035706
2022-08-17,76.533012,60.985794,19.035929,29.755934,35.040001,72.842972,13.450812,24.007589,68.328094,53.206150,59.534889,86.344803
2022-08-18,76.566521,61.037239,18.865753,29.623701,34.959999,72.911255,13.653431,24.143904,68.453445,53.284382,59.636562,86.354027
2022-08-19,76.566521,60.582600,18.726524,29.166197,34.689999,72.144890,13.676809,24.101305,67.885307,53.067078,58.738503,85.147209
2022-08-22,76.574883,60.316654,18.649174,28.757921,34.459999,71.302628,13.793707,24.054453,67.492622,52.884537,58.492809,83.571968
2022-08-23,76.558159,60.265182,18.726524,29.074507,34.709999,71.454407,14.019705,24.084269,67.467545,52.841068,58.196274,83.535110
2022-08-24,76.583221,60.050720,18.703316,29.293606,34.799999,71.560631,14.159979,24.084269,67.317139,52.693298,57.798065,83.811478
2022-08-25,76.591606,60.411003,18.834818,29.137241,34.900002,72.160072,13.980740,24.160938,67.893661,52.884537,58.560577,85.027481
2022-08-26,76.591606,60.239460,18.749723,28.762749,34.500000,71.014313,14.011910,24.122612,67.509293,52.823677,58.916424,82.503349
2022-08-29,76.591606,59.879135,18.741995,28.781088,34.520000,70.718376,14.206738,24.024633,67.058144,52.641144,58.408077,82.051956
2022-08-30,76.599976,59.956348,18.703316,29.173922,34.230000,70.164497,13.848258,23.986298,67.049812,52.623756,58.585995,81.222878
2022-08-31,76.616745,59.673275,18.633701,29.028177,33.970001,69.724373,13.536535,23.798872,66.531776,52.502075,58.035282,80.697792
2022-09-01,76.632675,59.466167,18.541189,29.226044,33.660000,69.854065,13.271572,23.611280,66.294701,52.259193,57.035046,80.403000
2022-09-02,76.641052,59.706749,18.650038,29.013697,33.959999,69.876968,13.326122,23.735487,66.445503,52.520344,57.366199,79.721313
2022-09-06,76.641052,59.251369,18.510094,29.045547,33.770000,69.716751,13.255986,23.512774,65.766960,52.111183,55.999119,79.334419
2022-09-07,76.649399,59.560688,18.704449,29.534903,34.090000,70.624649,12.944263,23.602718,66.370110,52.363651,56.899193,80.485916
2022-09-08,76.666191,59.268559,18.650038,29.619839,33.900002,70.914558,12.998815,23.482803,66.244453,52.215641,56.372723,80.863625
2022-09-09,76.666191,59.182621,18.766642,29.607290,34.070000,71.219711,13.365088,23.487080,66.344955,52.172134,56.466141,82.402023
2022-09-12,76.657776,59.268559,18.859926,30.104366,34.250000,71.456245,13.559914,23.414272,66.269577,52.145992,56.050060,83.378532
2022-09-13,76.674576,59.036549,18.548965,29.405567,33.810001,69.846451,13.481983,23.345749,65.750191,51.858727,56.117996,80.108231
2022-09-14,76.674576,59.139687,18.611160,29.727942,33.680000,69.899849,13.528742,23.405706,65.850716,51.823898,56.270813,80.439857
2022-09-15,76.699661,58.933445,18.494541,29.509808,33.049999,69.487877,13.154675,23.298643,65.624557,51.693325,56.168938,79.619980
2022-09-16,76.699661,58.976421,18.486776,29.099602,33.230000,69.663345,13.107917,23.195850,65.607803,51.754261,55.744377,78.956711
2022-09-19,76.699661,58.856136,18.548965,29.406530,33.259998,69.960899,13.154675,23.097340,65.582680,51.606270,55.871754,79.440781
2022-09-20,76.691322,58.538216,18.440128,29.341862,33.070000,69.251358,13.162469,23.063076,65.113564,51.458275,55.302849,78.404152
2022-09-21,76.708076,58.658501,18.346840,29.019489,33.220001,69.106400,13.068953,23.110186,65.172203,51.519226,56.143467,77.163902
2022-09-22,76.741615,58.280468,18.362389,28.716419,33.200001,68.625755,13.084538,22.840376,64.460136,51.022999,54.733929,76.562279
2022-09-23,76.741615,58.039875,18.098068,28.096767,32.619999,67.756042,12.640334,22.746153,64.309364,50.979481,55.056595,74.812981
2022-09-26,76.724876,57.318146,17.763786,27.578457,32.240002,66.970207,12.351992,22.369261,63.337669,50.439732,53.969730,73.915192
2022-09-27,76.749977,57.094734,17.748240,27.490623,32.320000,66.809990,12.492267,22.266466,62.701035,50.256920,52.687576,73.665283
2022-09-28,76.758377,57.876633,17.973684,27.951023,32.970001,67.870445,12.827367,22.647648,63.823521,51.049114,54.360325,75.201729
2022-09-29,76.775124,57.550125,17.825977,27.372869,32.990002,67.328773,12.765022,22.339279,63.421432,50.874996,54.046150,73.785606
2022-09-30,76.775124,57.541519,17.724916,27.594862,32.980000,67.023621,12.609162,22.185095,63.396313,50.761841,53.443275,73.008156
2022-10-03,76.754135,58.075142,18.004677,27.714550,33.770000,67.710098,12.913091,22.484001,64.245567,51.151623,54.279995,74.812981
2022-10-04,76.779350,58.221436,18.207851,28.260847,34.259998,69.167603,13.255986,22.565708,64.640358,51.256248,54.143814,77.349007
2022-10-05,76.779350,57.808334,18.090635,28.177841,34.070000,68.929787,13.489776,22.393682,64.069160,50.933613,53.547985,76.978806
2022-10-06,76.796127,57.696434,17.942160,27.904692,34.049999,68.707336,13.583294,22.311964,63.976776,50.741779,53.343712,76.118027
2022-10-07,76.796127,57.317760,17.895266,27.419199,33.660000,67.940254,13.715775,22.329168,63.405544,50.576096,52.867043,74.276161
2022-10-10,76.804535,57.085400,17.879641,27.697174,33.150002,67.081116,13.598880,22.256062,63.035912,50.427845,52.066906,73.646774
2022-10-11,76.804535,57.025139,17.754610,27.372869,33.080002,67.288239,13.396260,22.320574,62.968739,50.488895,52.330780,72.998901
2022-10-12,76.804535,57.076797,17.731169,27.485796,33.270000,67.418663,13.365088,22.367882,62.867912,50.628429,52.552120,72.813782
2022-10-13,76.829704,57.042351,17.723354,27.720341,33.029999,67.549057,13.536535,22.342079,62.985512,50.392967,52.117996,74.377983
2022-10-14,76.829704,56.792786,17.606133,27.310135,32.630001,67.303581,13.294950,22.350674,62.439514,50.244732,51.743484,72.823013
2022-10-17,76.829704,56.947712,17.715542,27.855467,32.730000,68.124374,13.240398,22.419483,62.699909,50.314499,51.522160,74.738953
2022-10-18,76.829704,57.076797,17.770233,27.842920,32.799999,68.607597,13.084538,22.359276,62.977123,50.410423,51.692383,75.460869
2022-10-19,76.829704,56.706726,17.606133,27.566875,32.360001,68.001633,13.084538,22.251762,62.372326,50.052895,50.790142,74.664902
2022-10-20,76.863297,56.396904,17.582689,27.861258,32.299999,67.587402,13.092331,22.221651,61.876698,49.826168,50.024082,74.313179
2022-10-21,76.871689,56.508793,17.715542,28.183634,32.869999,68.093681,13.115710,22.273268,62.179100,50.018017,49.164368,75.858871
2022-10-24,76.863297,56.586227,17.551434,28.189423,32.779999,68.277748,13.162469,22.333469,62.229492,50.000576,48.840931,76.006973
2022-10-25,76.863297,57.102612,17.778048,28.328415,32.849998,68.883759,13.217019,22.423790,62.893105,50.331932,50.143227,77.404541
2022-10-26,76.880081,57.266151,17.887459,28.473190,33.060001,69.052521,13.458605,22.389383,63.052742,50.480160,50.807159,77.423073
2022-10-27,76.905266,57.636189,17.832752,28.234789,33.009998,69.612495,13.466398,22.561405,63.287930,50.767933,51.309357,76.988037
2022-10-28,76.896904,57.446850,17.801498,28.505043,32.669998,70.141777,13.349502,22.544209,63.363533,50.541222,50.917828,78.219048
2022-10-31,76.896904,57.266151,17.707720,28.506008,32.410000,69.075539,13.248192,22.488300,63.136742,50.392967,50.662464,77.663727
2022-11-01,76.903618,57.410107,17.776852,28.743444,32.720001,69.515800,13.427432,22.506838,63.304379,50.328320,50.973961,77.821060
2022-11-02,76.928848,57.306660,17.682587,28.202934,32.490002,68.868118,13.536535,22.446451,63.102196,50.328320,50.769146,76.182831
2022-11-03,76.954109,57.142845,17.690435,28.444233,32.389999,68.459457,13.513157,22.200602,62.950584,50.118660,50.521652,75.599716
2022-11-04,76.970940,57.091122,17.981092,29.187433,33.380001,68.875862,13.996325,22.273922,63.127480,50.136120,49.796268,77.367523
2022-11-07,76.962517,56.910069,18.036081,29.223148,33.250000,68.875862,13.902809,22.312744,63.009537,50.013824,49.318340,77.876579
2022-11-08,76.970940,57.151497,18.146055,29.490505,34.009998,68.737068,13.692396,22.342939,63.220146,50.223484,49.864529,78.431915
2022-11-09,77.013008,57.315273,18.059639,29.017559,33.849998,67.919739,13.388468,22.299803,63.178024,50.372009,50.001087,76.923271
2022-11-10,77.021439,58.306744,18.633087,29.911327,34.869999,70.040092,13.489776,22.657801,64.845924,51.193195,51.878582,81.088280
2022-11-11,77.013008,58.142910,18.585957,29.832180,35.090000,70.286819,13.739155,22.640554,65.014381,51.140774,51.742020,82.272995
2022-11-14,77.013008,58.022243,18.617374,29.438385,35.180000,69.739388,13.567706,22.489588,64.660583,51.035942,51.605488,81.477005
2022-11-15,77.029861,58.392963,18.672369,29.612120,35.310001,70.510422,13.715775,22.631929,65.317619,51.254341,52.313816,82.300766
2022-11-16,77.038254,58.720581,18.617374,29.139174,35.230000,70.317635,13.567706,22.683689,65.730408,51.507683,53.414715,81.606583
2022-11-17,77.063507,58.530891,18.483843,29.066784,34.980000,69.993851,13.333916,22.528408,65.359749,51.254341,52.902657,81.412209
2022-11-18,77.063507,58.418823,18.538826,29.042654,34.730000,70.178864,13.248192,22.424891,65.275528,51.105831,52.578362,81.606583
2022-11-21,77.071945,58.418823,18.491699,28.859266,34.529999,70.117210,13.193641,22.537041,65.233391,51.097107,52.825859,81.125305
2022-11-22,77.088745,58.651608,18.625233,28.984743,34.560001,70.664658,13.333916,22.623302,65.553490,51.228134,53.440319,82.171188
2022-11-23,77.105576,58.979179,18.782347,28.926830,34.770000,71.057861,13.139089,22.739759,65.974693,51.385384,54.259575,82.800560
2022-11-25,77.105576,58.979179,18.711649,29.311941,34.820000,70.888237,13.037779,22.739759,66.067352,51.402870,54.148636,82.893120
2022-11-28,77.114021,58.867123,18.735212,29.235693,34.549999,70.155762,12.952056,22.679377,65.620888,51.437813,54.251045,81.699142
2022-11-29,77.139229,58.849895,18.845186,29.419077,34.730000,70.479591,13.100124,22.593117,65.460823,51.306778,53.713390,81.865746
2022-11-30,77.139229,59.134392,19.041576,29.949934,35.139999,71.574425,13.419640,22.903664,66.193718,51.664936,54.071835,84.096344
2022-12-01,77.156097,59.559311,19.169418,30.030046,35.810001,71.765182,13.349502,23.151220,66.850044,52.041286,55.687714,84.290710
2022-12-02,77.164536,59.706139,19.240454,29.886234,35.689999,71.765182,13.209228,23.337646,67.010544,52.093807,56.226620,84.244446
2022-12-05,77.173004,59.386608,18.995794,29.477957,35.080002,71.106087,12.858540,23.103529,66.512161,51.708710,55.508068,82.791306
2022-12-06,77.198311,59.559311,19.019480,29.274300,35.180000,70.772636,12.663713,23.086185,66.672676,51.866241,56.175301,81.912018
2022-12-07,77.198311,59.922081,19.193096,29.343794,35.490002,71.121605,12.601369,23.181574,67.179489,52.216328,57.295898,81.773193
2022-12-08,77.248962,59.732067,19.177317,29.443207,35.520000,71.199142,12.570196,23.185902,66.934525,51.997536,57.090591,82.393333
2022-12-09,77.240501,59.438416,19.074715,29.051340,35.639999,71.237892,12.570196,22.977810,66.630440,51.813744,55.781799,81.967545
2022-12-12,77.248962,59.421124,18.995794,29.087051,35.349998,71.478279,12.710471,22.964796,66.562828,51.743725,55.978539,82.726509
2022-12-13,77.248962,59.654327,19.224672,29.322559,35.939999,72.253677,12.936471,23.034166,67.171036,52.067547,56.551678,83.494736
2022-12-14,77.274239,59.654327,19.224672,29.361172,35.860001,71.873749,13.045572,22.973473,67.263962,52.163818,56.765553,83.152267
2022-12-15,77.291161,59.498871,19.114180,28.714485,35.290001,71.571350,12.858540,22.977810,67.365318,52.225086,57.013603,81.097549
2022-12-16,77.291161,59.412491,19.058935,28.636715,35.590000,71.206879,12.694886,22.860220,67.154137,52.172585,56.491810,80.338570
2022-12-19,77.300438,59.101582,19.114180,28.881691,35.490002,70.844055,12.684278,22.781546,66.698013,51.918758,55.619278,79.851845
2022-12-20,77.308884,58.712906,19.161528,28.843781,36.090000,70.625572,12.737313,22.772802,66.157387,51.734959,54.669765,80.038330
2022-12-21,77.317368,58.756107,19.272015,28.580336,36.009998,71.249786,12.896420,22.903927,66.444580,51.796238,54.755306,81.082626
2022-12-22,77.368164,58.704281,19.240454,28.235233,35.580002,70.773804,12.746152,22.781546,66.453011,51.752480,54.806622,80.103615
2022-12-23,77.368164,58.581242,19.272015,27.764729,35.680000,70.992310,12.975972,22.729095,66.376808,51.628826,54.093166,80.476570
2022-12-27,77.368164,58.234608,19.114180,28.269257,35.990002,70.212006,13.090882,22.624191,65.741402,51.339394,53.115582,80.467255
2022-12-28,77.393517,58.199940,19.099110,28.288700,35.830002,69.189789,12.949454,22.597969,65.622810,51.295559,52.858315,79.460243
2022-12-29,77.427383,58.355904,19.218079,28.531731,36.020000,70.180779,12.931777,22.685387,65.910851,51.409557,53.364254,80.830887
2022-12-30,77.418945,58.104603,19.218079,28.327583,36.189999,70.227577,13.064363,22.637304,65.665184,51.286777,52.841167,80.364685
2023-01-03,77.427383,58.468601,19.146700,28.453960,36.500000,70.368088,12.737313,22.698500,65.978607,51.488483,53.767303,80.411301
2023-01-04,77.418945,58.823845,19.273605,28.288700,36.849998,71.234192,12.480976,22.715984,66.410698,51.716511,54.461899,81.399658
2023-01-05,77.444328,58.693882,19.273605,28.235233,36.400002,71.101547,12.427941,22.715984,66.266647,51.637585,54.641983,80.560501
2023-01-06,77.435837,59.213844,19.654325,28.509373,37.070000,72.131569,12.507493,22.912676,67.105370,52.137470,55.593853,82.406647
2023-01-09,77.452797,59.239830,19.686035,28.570614,37.160000,72.443649,12.684278,22.986986,67.359528,52.233948,55.868259,82.602463
2023-01-10,77.444328,59.109848,19.741560,28.658104,37.279999,72.350067,12.693116,22.899561,67.223999,52.076069,55.036453,83.050018
2023-01-11,77.444328,59.456467,19.836739,28.700876,37.259998,72.865059,12.922936,23.000095,67.605209,52.277790,55.842525,83.889198
2023-01-12,77.503563,59.794449,20.066753,28.813643,37.700001,73.255188,13.055526,23.166197,68.198219,52.619820,56.828686,84.485954
2023-01-13,77.512062,59.603813,20.074684,28.879749,38.139999,73.317612,13.188113,22.995726,67.961029,52.418102,56.365623,84.924179
2023-01-17,77.512062,59.690460,19.963644,28.850584,37.910000,73.106964,13.276505,22.925785,67.859352,52.383034,56.065475,84.905540
2023-01-18,77.520515,60.167095,19.955719,28.836002,37.779999,73.177170,13.126239,23.083145,68.570992,52.847836,57.334629,83.991768
2023-01-19,77.554352,60.071754,19.979513,28.842808,38.400002,72.693375,13.267666,23.218647,68.460846,52.751369,56.991619,83.618805
2023-01-20,77.562836,59.777122,20.058825,28.920578,38.270000,72.872849,13.338380,23.096258,68.172821,52.532116,56.168381,84.914864
2023-01-23,77.562836,59.621151,20.027096,28.891413,38.330002,72.779221,13.409095,23.078773,68.054207,52.400562,55.885410,85.716728
2023-01-24,77.571289,59.872475,20.130209,28.591028,38.480000,72.872849,13.329540,23.205536,68.376137,52.567192,56.657192,85.632805
2023-01-25,77.579765,59.967766,20.217455,28.371330,38.660000,72.872849,13.276505,23.253613,68.393089,52.619820,56.794395,85.791344
2023-01-26,77.622078,59.846466,20.177797,28.538536,38.310001,73.060112,13.347219,23.262354,68.308365,52.497036,56.537125,86.518608
2023-01-27,77.630531,59.690460,20.114346,27.899851,38.259998,72.872849,13.170434,23.205536,68.189758,52.418102,56.382778,86.574554
2023-01-30,77.630531,59.543137,20.011240,27.854162,38.160000,72.490509,12.984812,23.091887,67.944077,52.304096,56.185551,85.520927
2023-01-31,77.639008,59.742451,20.042965,28.006786,38.279999,73.060112,13.214630,23.083145,68.443916,52.505791,56.614311,86.509285
2023-02-01,77.644073,59.992493,20.321888,27.395321,38.790001,73.740898,12.949454,23.266727,69.009811,52.788773,57.242683,87.451035
2023-02-02,77.678055,60.279018,20.329851,27.413790,37.959999,74.219330,12.816865,23.223021,69.120232,52.797569,57.328659,88.159637
2023-02-03,77.695038,59.888313,19.971230,27.319496,37.029999,73.466377,12.516334,23.021950,68.482986,52.358170,56.486229,87.180618
2023-02-06,77.703552,59.567062,19.787943,27.301996,37.099998,73.035019,12.560529,22.912676,67.964691,51.980297,56.065010,86.397400
2023-02-07,77.712051,59.419498,19.843725,27.219368,37.139999,73.317383,12.808026,22.978241,67.794800,51.927574,55.643799,87.320473
2023-02-08,77.712051,59.575768,19.851698,27.511002,37.230000,73.035019,12.834545,23.100624,67.905212,52.050591,55.884491,86.602516
2023-02-09,77.737541,59.393406,19.835751,27.471146,36.930000,72.509529,12.710795,22.978241,67.565376,51.883633,55.394489,86.173599
2023-02-10,77.746010,59.150352,19.732153,27.540165,37.009998,71.944847,12.896420,22.890821,67.200005,51.725449,54.801353,86.015099
2023-02-13,77.763023,59.323986,19.779966,27.301996,36.820000,72.148720,12.887581,22.921417,67.352936,51.786976,55.256958,86.966164
2023-02-14,77.763023,59.141655,19.748100,27.300053,36.849998,72.156586,12.931777,22.860220,67.140526,51.558464,55.102226,87.022110
2023-02-15,77.779991,58.941982,19.620588,27.472116,36.480000,72.046799,12.763830,22.860220,66.919609,51.488174,54.655209,87.068726
2023-02-16,77.822495,58.794380,19.572769,27.486698,36.459999,71.435020,12.728474,22.799030,66.656227,51.409084,53.967514,86.238892
2023-02-17,77.830994,58.976711,19.636524,27.413790,36.560001,71.670311,12.622403,22.860220,66.758186,51.523319,54.328556,86.043068
2023-02-21,77.830994,58.481838,19.421349,27.214508,36.430000,70.540924,12.648921,22.750952,66.069984,51.145443,53.331390,84.588516
2023-02-22,77.856468,58.594719,19.532927,26.864542,36.220001,71.058563,12.472136,22.742210,66.146393,51.206963,53.726807,84.308792
2023-02-23,77.881966,58.794380,19.580736,26.981199,36.209999,71.772285,12.560529,22.794653,66.486259,51.321205,54.208210,84.756348
2023-02-24,77.890457,58.525246,19.437286,26.700256,35.950001,71.356598,12.507493,22.659159,66.146393,51.075130,53.546288,83.656097
2023-02-27,77.898949,58.499203,19.532927,26.665257,36.080002,71.811493,12.525172,22.694132,66.248390,51.189392,53.701027,84.122307
2023-02-28,77.907440,58.464451,19.469168,26.626373,36.240002,71.678146,12.578207,22.781546,66.239853,51.224533,53.933121,83.758667
2023-03-01,77.911674,58.246155,19.645285,26.913149,36.480000,71.473099,12.799187,22.698500,65.833466,50.947170,53.287708,83.926506
2023-03-02,77.937241,58.133080,19.533213,26.966618,36.450001,71.512543,12.754992,22.724726,65.799423,50.823887,52.865479,84.364746
2023-03-03,77.954285,58.489674,19.661295,27.472116,36.830002,72.246033,12.967133,22.947647,66.319115,51.052834,54.002930,85.576866
2023-03-06,77.962799,58.411419,19.693312,27.481838,36.660000,72.301247,12.905259,22.838373,66.199844,50.991207,53.658253,85.446335
2023-03-07,77.962799,58.359234,19.493185,27.348660,36.009998,71.835899,12.613564,22.694132,66.020912,50.920753,53.942604,84.140961
2023-03-08,77.979843,58.394016,19.549219,27.481838,35.990002,71.473099,12.542850,22.589226,65.910149,50.876740,54.002930,84.364746
2023-03-09,77.996880,58.507072,19.541216,27.175623,36.340000,71.031418,12.383745,22.646046,65.995354,51.193714,54.175259,82.975433
2023-03-10,78.013947,59.150700,19.677303,26.956892,37.130001,71.007744,12.525172,22.969501,66.676933,51.854111,55.924519,81.828568
2023-03-13,78.030968,59.768208,19.709332,26.655539,37.970001,70.644958,12.445619,23.100624,67.026268,52.479282,56.217510,81.567513
2023-03-14,78.039482,59.429020,19.693312,26.694420,37.770000,71.197037,12.286512,23.030691,66.711052,52.118267,55.364418,82.649094
2023-03-15,78.082085,59.976940,19.485176,26.130592,38.040001,70.873665,12.003658,23.292948,67.384087,52.752224,56.398460,81.381012
2023-03-16,78.116142,59.681244,19.565229,26.548603,38.119999,71.338997,12.047854,23.039431,67.196686,52.356007,55.967598,82.733002
2023-03-17,78.133179,60.107395,19.613268,26.383341,39.240002,70.913109,12.003658,23.096258,67.588570,52.866722,56.665588,81.753998
2023-03-20,78.141716,59.898674,19.669300,26.441671,39.250000,70.723816,12.056694,23.122488,67.367073,52.681789,56.234749,82.637978
2023-03-21,78.141716,59.689919,19.717329,26.475695,38.500000,71.528328,12.100889,23.078773,67.477837,52.311989,55.691868,83.723122
2023-03-22,78.158745,60.037815,20.005527,26.490278,39.169998,71.607208,12.145085,23.362890,67.954956,52.857910,56.441540,82.759583
2023-03-23,78.192825,60.263947,19.997520,26.509720,39.660000,71.370552,12.109729,23.437193,68.295738,53.174892,56.510494,82.956032
2023-03-24,78.209862,60.316124,19.893450,26.451391,39.209999,71.173393,12.153925,23.362890,68.508736,53.157276,56.743149,83.161835
2023-03-27,78.201340,59.811695,19.909464,26.457224,38.849998,71.062943,12.383745,23.188051,67.827126,52.664188,55.562618,83.479889
2023-03-28,78.218361,59.776875,19.997520,26.252108,39.160000,71.047195,12.436780,23.244867,67.656761,52.584942,55.631542,83.564079
2023-03-29,78.218361,59.759506,20.029545,26.490278,38.959999,71.883240,12.374906,23.288584,67.784538,52.514503,55.485058,84.593071
2023-03-30,78.235397,59.768208,20.173647,26.660398,39.320000,72.356422,12.454458,23.319174,67.878258,52.576134,55.760803,85.247894
2023-03-31,78.218361,59.994335,20.213671,26.942312,39.110001,73.208282,12.569368,23.432821,68.346886,52.796265,56.450184,86.145927
2023-04-03,78.237198,60.219166,20.241833,27.005503,39.410000,73.148033,12.781509,23.479229,68.774193,52.985985,56.758572,86.548187
2023-04-04,78.245750,60.367321,20.274015,27.044386,40.139999,72.894386,12.772670,23.549274,68.902397,53.268337,57.086864,86.183334
2023-04-05,78.288490,60.506756,20.225742,27.124100,40.099998,72.482239,12.816865,23.601812,69.039124,53.400696,57.639755,85.762398
2023-04-06,78.297073,60.471901,20.153326,27.258253,39.830002,72.831009,12.772670,23.649975,69.013481,53.409519,57.734802,86.043030
2023-04-10,78.305603,60.132046,20.056786,27.345743,39.529999,72.688332,12.799187,23.496742,68.637428,53.012447,56.940006,86.145927
2023-04-11,78.314171,60.132046,20.121147,27.402126,39.779999,72.894386,12.869902,23.531767,68.594727,52.985985,57.009117,86.351730
2023-04-12,78.331284,60.140720,20.233776,27.426430,39.980000,72.846840,12.949454,23.531767,68.645981,53.144798,56.974552,86.230125
2023-04-13,78.374062,60.140720,20.354460,27.521700,40.500000,73.401665,12.949454,23.483606,68.757072,53.056564,56.568527,87.362007
2023-04-14,78.374062,59.879299,20.225742,27.438093,39.790001,73.219337,12.958294,23.391674,68.577629,52.844807,56.058823,87.090736
2023-04-17,78.391136,59.644001,20.121147,27.345743,39.630001,73.021194,12.914098,23.277840,68.210129,52.588921,55.428173,87.296555
2023-04-18,78.399689,59.722435,20.129192,27.297138,39.790001,73.100456,12.949454,23.295359,68.329796,52.641861,55.644146,87.446228
2023-04-19,78.408241,59.635277,20.008516,27.229090,39.590000,72.831009,12.772670,23.277840,68.039185,52.553631,55.566387,87.240425
2023-04-20,78.468094,59.870564,20.113100,27.248529,39.759998,72.783470,12.648921,23.361025,68.261414,52.783043,55.998348,86.922356
2023-04-21,78.459564,59.739849,20.097013,27.257280,39.349998,72.981567,12.622403,23.361025,68.261414,52.703609,55.695980,86.950424
2023-04-24,78.468094,59.879299,20.188372,27.414762,39.480000,73.195595,12.701956,23.457336,68.534882,52.888920,56.205666,87.043968
2023-04-25,78.459564,60.271450,20.147947,27.301996,39.680000,73.060844,12.551689,23.593058,68.885284,53.330090,57.009117,85.622078
2023-04-26,78.476677,60.062294,20.180283,27.479895,39.459999,72.775513,12.348388,23.505493,68.637428,53.188931,56.464848,85.434975
2023-04-27,78.502335,59.835724,20.228800,27.763754,39.450001,73.021194,12.374906,23.417940,68.346878,52.888920,55.937874,86.856880
2023-04-28,78.502335,60.254009,20.325819,28.022337,39.490002,73.306511,12.507493,23.439825,68.842537,53.180096,56.741314,87.371376
2023-05-01,78.504913,59.838421,20.075180,28.031088,39.299999,72.987785,12.410263,23.264587,68.039452,52.766312,55.296741,87.268471
2023-05-02,78.487755,60.353577,20.253052,27.982481,40.070000,72.963890,12.109729,23.435871,68.665161,53.270302,56.526508,86.286255
2023-05-03,78.496338,60.423420,20.366245,27.875549,40.389999,72.876213,11.932944,23.541277,68.862282,53.570900,56.881615,85.986908
2023-05-04,78.522087,60.440899,20.382410,28.099138,40.669998,72.661057,11.985980,23.541277,68.793724,53.623947,56.431252,85.687561
2023-05-05,78.539246,60.222595,20.495604,28.152603,40.049999,73.035622,12.259995,23.497362,68.493690,53.367546,56.162777,87.146889
2023-05-08,78.547859,59.995575,20.422842,28.303280,40.099998,72.892159,12.339549,23.405138,68.142296,53.146507,55.487255,87.193626
2023-05-09,78.556442,59.951912,20.406672,28.211901,40.380001,72.716850,12.357227,23.374392,68.107986,53.102303,55.322720,86.838158
2023-05-10,78.565018,60.240070,20.544115,28.351889,40.310001,73.147179,12.321870,23.435871,68.570847,53.429432,55.833687,87.015907
2023-05-11,78.616531,60.449642,20.455181,28.288700,39.980000,73.043571,12.092051,23.497362,68.742271,53.526684,56.353313,86.810097
2023-05-12,78.633720,60.187679,20.366245,28.128298,39.900002,72.772606,12.012498,23.413918,68.416565,53.287964,55.937607,86.566887
2023-05-15,78.642273,60.100368,20.592621,28.361607,39.990002,72.788567,12.153925,23.378778,68.202286,53.243755,55.383347,87.156227
2023-05-16,78.633720,59.943195,20.511778,28.147739,39.490002,72.270592,12.030175,23.321678,67.910851,53.119980,55.227451,86.407852
2023-05-17,78.650887,59.899513,20.487522,28.133160,39.360001,72.437897,12.180442,23.308504,67.850861,52.951988,55.088905,87.221710
2023-05-18,78.693810,59.637585,20.350075,27.873602,38.849998,72.469803,12.056694,23.238235,67.610847,52.704430,54.647213,87.689430
2023-05-19,78.693810,59.567711,20.325819,27.812361,39.230000,72.509636,12.039015,23.172352,67.490837,52.536430,54.292137,87.698776
2023-05-22,78.702393,59.558987,20.293482,28.094273,39.150002,72.828407,12.039015,23.137213,67.516571,52.501060,54.084286,87.839104
2023-05-23,78.702393,59.567711,20.317734,28.006786,39.189999,72.469803,12.092051,23.207495,67.610847,52.554119,54.205536,86.735283
2023-05-24,78.702393,59.454201,20.293482,28.044699,38.880001,71.959785,12.109729,23.124043,67.388023,52.448021,53.980366,85.958839
2023-05-25,78.753899,59.209713,20.156036,28.225510,38.509998,71.888077,11.915266,23.040594,67.139427,52.156258,53.798481,86.220757
2023-05-26,78.771072,59.314507,20.277317,28.589085,38.660000,72.342293,12.109729,23.044989,67.293732,52.147411,54.118931,87.268471
2023-05-30,78.779686,59.733624,20.277317,28.541452,38.910000,72.645119,11.818035,23.146002,67.765160,52.474552,54.681850,86.959763
2023-05-31,78.796837,59.960651,20.212627,28.444237,38.950001,72.390114,11.694285,23.150391,67.945137,52.616005,55.158180,86.314316
2023-06-01,78.840813,60.065639,20.382492,28.745594,39.250000,72.874229,11.871071,23.215162,68.143784,52.748047,55.357018,87.390083
2023-06-02,78.849434,59.820660,20.341850,28.920578,38.680000,73.242912,12.047854,23.091791,67.920204,52.402470,54.836010,88.755844
2023-06-05,78.849434,59.750652,20.423122,28.769896,38.910000,73.154770,12.030175,23.131445,67.834198,52.411320,54.757870,88.456505
2023-06-06,78.866692,59.811897,20.488131,28.844753,38.959999,73.315071,12.030175,23.149075,67.877205,52.402470,54.992321,88.980347
2023-06-07,78.875320,59.505669,20.414993,28.991543,38.500000,72.938354,12.065533,23.030111,67.352707,52.172096,54.210804,88.596832
2023-06-08,78.918411,59.768147,20.577532,28.900162,39.000000,73.411263,12.074371,23.149075,67.774048,52.411320,54.836010,89.139397
2023-06-09,78.927040,59.715656,20.610046,28.823364,38.900002,73.419250,12.021337,23.082979,67.550461,52.242970,54.792606,89.242294
2023-06-12,78.935654,59.811897,20.626293,28.989597,38.860001,73.371185,11.853392,23.100599,67.653641,52.331577,54.896812,89.840981
2023-06-13,78.952904,59.566925,20.601908,29.260822,38.570000,73.475365,12.003658,22.990454,67.369911,52.056896,54.375797,90.542564
2023-06-14,78.970139,59.575665,20.740070,29.336641,38.599998,73.531487,12.030175,23.034515,67.455879,52.048031,54.697086,90.682884
2023-06-15,79.004623,59.794395,20.845720,29.498018,38.869999,73.868118,12.295351,23.184320,67.997589,52.367016,55.235466,91.730591
2023-06-16,79.013237,59.741901,20.788832,29.591341,38.799999,73.667717,12.463299,23.135853,67.808403,52.172096,55.044418,91.468674
2023-06-20,79.030487,59.881886,20.748201,29.601061,38.419998,73.475365,12.357227,23.193125,67.997589,52.260693,55.374386,90.564613
2023-06-21,79.030487,59.925636,20.894482,29.626339,38.369999,73.299042,12.525172,23.179913,67.937424,52.287270,55.504642,90.282104
2023-06-22,79.064957,59.654404,20.772579,29.513571,37.980000,73.082611,12.277674,23.105007,67.713844,52.101204,54.914173,90.244438
2023-06-23,79.073586,59.899399,20.699430,29.251099,38.080002,72.858185,12.145085,23.162294,67.825615,52.207523,55.374386,89.255630
2023-06-26,79.082222,59.986897,20.715691,29.323032,38.160000,72.994461,12.162765,23.166697,67.971809,52.313858,55.435177,89.199135
2023-06-27,79.099457,59.890644,20.796967,29.547594,37.970001,73.210876,11.968302,23.100599,67.799828,52.154362,55.287548,90.112602
2023-06-28,79.108086,60.048141,20.731949,29.824652,37.880001,73.635681,11.924105,23.149075,68.100792,52.313858,55.539371,90.159691
2023-06-29,79.133926,59.724411,20.634426,29.805208,37.860001,73.443291,11.932944,23.003675,67.670845,51.932850,54.610249,90.329193
2023-06-30,79.159782,59.864376,20.772579,30.028793,38.090000,73.763916,12.025755,23.100599,67.954597,51.977154,55.165989,91.327415
2023-07-03,79.179726,59.700436,20.835470,30.155169,38.150002,73.718788,12.039015,23.067417,67.832108,51.824417,54.865639,91.619339
2023-07-05,79.188354,59.490013,20.745623,30.077400,38.009998,73.468987,12.109729,22.970068,67.443962,51.673450,54.360676,91.101395
2023-07-06,79.214340,59.183117,20.492439,29.933529,37.910000,72.945183,12.100889,22.850594,66.900543,51.389286,53.611954,89.980751
2023-07-07,79.222984,59.148052,20.639454,29.873253,38.189999,73.001587,12.189281,22.824041,66.857399,51.389286,53.350765,90.216194
2023-07-10,79.240326,59.209442,20.704784,30.009352,38.220001,73.340065,12.215799,22.881569,67.219704,51.629051,53.455254,90.498695
2023-07-11,79.248947,59.270821,20.810961,30.238773,38.340000,73.718788,12.366067,22.872713,67.435341,51.664570,53.690315,91.280334
2023-07-12,79.266281,59.621521,21.088657,30.475969,38.869999,74.323181,12.463299,23.098400,67.995995,52.064171,54.308453,92.344467
2023-07-13,79.300896,59.998550,21.276516,30.330151,38.889999,74.774445,12.640082,23.222292,68.470428,52.437130,54.848213,93.408592
2023-07-14,79.309593,59.805649,21.203009,30.514853,38.770000,74.250656,12.551689,23.107239,68.047745,52.197372,54.578327,93.069588
2023-07-17,79.318222,59.858261,21.243847,30.650951,38.799999,74.395699,12.419102,23.151495,68.125397,52.268410,54.604450,93.333267
2023-07-18,79.318222,60.024857,21.268354,30.660671,39.250000,74.581070,12.587047,23.133791,68.237534,52.295063,54.830803,93.898277
2023-07-19,79.335541,60.103771,21.211182,30.719000,39.250000,74.645523,12.648921,23.213444,68.487671,52.392742,55.388000,93.983040
2023-07-20,79.378792,59.849506,21.088657,30.650951,39.060001,74.347366,12.701956,23.200161,68.142647,52.117458,54.726322,93.342682
2023-07-21,79.378792,59.945953,21.105001,30.544018,38.950001,74.508530,12.781509,23.200161,68.254745,52.126335,54.769867,93.380341
2023-07-24,79.387474,59.884575,21.113169,30.670393,38.779999,74.371521,13.002490,23.222292,68.151291,52.019783,54.569622,93.719345
2023-07-25,79.396141,59.840725,21.096827,30.680117,38.970001,74.323181,13.064363,23.178043,68.073616,51.957607,54.456440,94.001862
2023-07-26,79.404800,59.972248,21.162174,30.806490,39.189999,74.661621,12.993650,23.186890,68.392799,52.090813,54.560932,94.171379
2023-07-27,79.448029,59.595230,20.974321,30.475969,38.580002,74.081398,12.975972,23.014315,67.728630,51.735615,53.542297,93.549858
2023-07-28,79.456718,59.761814,21.154009,30.699558,38.880001,74.508530,13.029008,23.102818,68.056381,51.886574,53.786087,94.519814
2023-07-31,79.465370,59.761814,21.154009,30.874537,38.980000,74.742210,13.073203,23.111671,68.228874,51.930965,53.934086,94.726997
2023-08-01,79.486259,59.486786,20.928223,30.753023,38.580002,74.320808,13.011330,22.975393,67.778046,51.751209,53.102158,94.152534
2023-08-02,79.494919,59.416492,20.829695,30.155169,38.400002,74.029060,12.816865,22.931007,67.544395,51.733402,52.613289,92.579872
2023-08-03,79.529694,59.152889,20.640858,30.135727,38.380001,73.777863,12.922936,22.793407,67.163597,51.528709,51.513367,92.382126
2023-08-04,79.547104,59.495575,20.796854,30.475969,38.509998,74.207367,12.962713,23.010904,67.743408,51.920303,52.386333,92.212616
2023-08-07,79.547104,59.390137,20.714750,30.544018,38.419998,74.361320,12.958294,23.028660,67.700127,51.857990,51.941113,92.890656
2023-08-08,79.564476,59.662525,20.657276,30.378759,38.189999,74.490990,12.958294,23.033098,67.855911,52.009285,52.508541,92.316200
2023-08-09,79.573166,59.644936,20.690121,30.446804,38.005001,74.499084,13.037848,23.015345,67.899155,52.000401,52.761696,91.939514
2023-08-10,79.616661,59.381367,20.706545,30.407921,37.970001,74.458588,12.967133,22.908815,67.509758,51.768990,51.984764,92.080780
2023-08-11,79.625320,59.223198,20.681917,30.281548,37.970001,74.353218,12.958294,22.868862,67.276093,51.555420,51.810169,91.751183
2023-08-14,79.634026,59.100170,20.550549,30.174612,37.860001,74.361320,12.878741,22.815598,67.215500,51.457527,51.714146,91.826515
2023-08-15,79.642723,58.994724,20.484856,30.009352,37.750000,74.126320,12.737313,22.744577,66.981850,51.430813,51.443531,90.743546
2023-08-16,79.660110,58.880512,20.419180,30.126009,37.549999,73.931824,12.684278,22.695751,66.774185,51.315117,51.068153,90.056107
2023-08-17,79.694878,58.792637,20.386333,30.038515,37.480000,73.583366,12.710795,22.677996,66.618401,51.315117,50.867371,89.462807
2023-08-18,79.703568,58.977146,20.435595,30.096840,37.490002,73.615768,12.816865,22.709068,66.843376,51.404125,51.024509,89.406319
2023-08-21,79.712273,58.713524,20.394545,30.310709,37.580002,73.640099,12.772670,22.642483,66.540535,51.199432,50.378525,89.848915
2023-08-22,79.720963,58.845348,20.410969,30.271824,37.639999,73.680595,12.772670,22.686872,66.575111,51.163830,50.701504,89.660583
2023-08-23,79.738373,59.319836,20.640858,30.728722,38.029999,74.288406,12.808026,22.895496,67.267464,51.528709,51.792713,90.687050
2023-08-24,79.764427,59.249538,20.566963,30.417645,38.020000,73.850777,12.808026,22.797846,67.042442,51.413029,51.557014,89.556976
2023-08-25,79.781815,59.223198,20.591599,30.398201,37.970001,74.158745,12.931777,22.788963,67.033768,51.350716,51.661770,90.074928
2023-08-28,79.799217,59.293476,20.616222,30.485693,38.090000,74.474785,12.922936,22.797846,67.276093,51.448620,51.722874,90.818893
2023-08-29,79.790482,59.548290,20.739376,30.689837,38.459999,74.936699,12.958294,22.904369,67.700127,51.751209,52.255390,92.043121
2023-08-30,79.807899,59.460423,20.714750,30.602346,38.560001,74.920509,12.993650,22.877741,67.656868,51.733402,52.220455,92.269119
2023-08-31,79.860039,59.662525,20.632643,30.524576,38.480000,74.928619,13.037848,22.922132,67.752052,51.849094,52.438705,92.033707
2023-09-01,79.873177,59.442345,20.582285,30.757885,38.509998,74.962814,13.196953,22.806803,67.463791,51.666233,51.660297,92.353874
2023-09-05,79.890625,59.098927,20.309830,30.952307,38.200001,74.522789,13.249988,22.766731,67.099113,51.469990,51.038639,91.770004
2023-09-06,79.890625,59.072514,20.169479,30.855097,38.020000,74.416840,13.267666,22.731106,66.934151,51.327263,51.134926,91.242661
2023-09-07,79.934319,59.248619,20.128202,31.030077,38.060001,74.636879,13.249988,22.806803,67.185928,51.487835,51.240005,90.865967
2023-09-08,79.943001,59.266239,20.119957,31.399485,38.070000,74.571663,13.285345,22.860237,67.194626,51.461060,51.415131,90.903633
2023-09-11,79.943001,59.151764,20.243786,31.700844,38.139999,74.661331,13.347219,22.842426,67.125168,51.434303,51.099918,91.638168
2023-09-12,79.969254,59.169380,20.194252,31.302273,37.950001,74.579834,13.417933,22.846878,67.090446,51.443226,51.336323,91.252090
2023-09-13,79.977936,59.231018,20.268555,31.370319,37.860001,74.767258,13.444451,22.882500,67.220680,51.514584,51.362598,91.148491
2023-09-14,80.004189,59.239826,20.227278,31.467531,37.880001,74.873184,13.559361,22.846878,67.133865,51.443226,51.056141,92.071350
2023-09-15,80.021614,59.107723,20.235527,31.370319,38.130001,74.628708,13.515164,22.788996,67.020981,51.354027,50.793449,91.308571
2023-09-18,80.030350,59.081303,20.252043,31.331434,38.360001,74.645012,13.532844,22.837971,67.090446,51.354027,50.994831,91.200768
2023-09-19,80.039078,58.958012,20.194252,31.243944,38.320000,74.457588,13.515164,22.775635,66.882065,51.211296,50.679630,91.030540
2023-09-20,80.047783,58.984451,20.185995,31.107847,38.355000,74.367950,13.417933,22.735567,66.838669,51.157784,50.775940,90.406395
2023-09-21,80.091476,58.764286,20.020874,30.874537,38.080002,73.846405,13.364897,22.606430,66.413170,50.997211,49.620152,88.921692
2023-09-22,80.100212,58.878761,20.020874,30.874537,38.209999,73.960503,13.356058,22.686584,66.708420,51.139942,49.987900,88.902779
2023-09-25,80.108940,58.570560,19.880524,31.010635,38.009998,73.854546,13.303023,22.517384,66.317711,50.943691,48.875900,88.997345
2023-09-26,80.117676,58.517708,19.707146,30.787048,37.689999,73.504143,13.303023,22.459492,66.152740,50.952614,48.718285,87.749062
2023-09-27,80.143829,58.323986,19.566795,31.000916,37.240002,73.398209,13.373736,22.428328,65.840141,50.783127,48.464367,87.758507
2023-09-28,80.170059,58.367992,19.632845,30.806490,37.049999,73.716011,13.364897,22.535183,66.005112,50.943691,48.569435,88.363739
2023-09-29,80.178780,58.420837,19.707146,30.772467,36.660000,73.667145,13.214630,22.481760,65.970375,50.979385,48.604446,88.117867
2023-10-02,80.191048,58.073997,19.546129,30.729692,36.279999,73.217216,13.126239,22.347389,65.477242,50.709328,47.837624,87.645027
2023-10-03,80.208595,57.773914,19.330328,30.646091,36.169998,72.471413,13.064363,22.195601,64.937050,50.467899,46.915295,86.453491
2023-10-04,80.217377,57.994553,19.355234,30.597486,36.180000,72.741867,12.693116,22.298290,65.329117,50.700390,47.486248,86.812851
2023-10-05,80.270004,58.100468,19.338629,30.791908,36.110001,72.840202,12.631243,22.262571,65.355263,50.807682,47.319347,87.020889
2023-10-06,80.270004,57.915108,19.346930,31.088406,36.299999,72.971352,12.657760,22.182211,65.120010,50.610973,46.774750,87.985481
2023-10-09,80.278770,58.365227,19.405029,30.704416,36.970001,73.512238,12.914098,22.396494,65.904198,51.066994,47.784916,88.250259
2023-10-10,80.278770,58.338757,19.546129,31.000916,36.910000,73.528633,12.922936,22.405420,65.851906,50.977570,47.714638,89.035179
2023-10-11,80.296303,58.629997,19.712126,31.040773,37.160000,73.561440,12.843384,22.512558,66.069717,51.093826,48.610619,89.441811
2023-10-12,80.331375,58.224014,19.587624,30.789967,37.060001,73.143471,12.816865,22.356314,65.625351,50.798737,47.424767,88.647446
2023-10-13,80.348953,58.488808,19.604227,30.864819,38.259998,73.077888,13.143917,22.508097,65.878075,50.968628,48.188980,88.061142
2023-10-16,80.357704,58.215187,19.687223,31.156456,38.060001,73.053291,13.126239,22.445595,65.564384,50.780872,47.486248,88.959511
2023-10-17,80.366478,57.809212,19.612526,31.127291,38.139999,72.709091,13.161596,22.338459,64.998009,50.432129,46.959213,88.959511
2023-10-18,80.375237,57.632687,19.479729,30.704416,38.680000,72.332123,13.285345,22.293816,64.588516,50.298008,46.537586,87.607201
2023-10-19,80.410301,57.535618,19.479729,30.869678,39.169998,72.086243,13.409095,22.284885,64.309708,50.208591,45.720676,86.850662
2023-10-20,80.427864,57.685654,19.463125,30.573181,39.259998,72.200981,13.303023,22.333990,64.605972,50.450005,46.001766,85.857727
2023-10-23,80.436623,57.835686,19.537830,30.242662,39.139999,72.496033,13.223470,22.347389,64.971909,50.584148,46.528797,85.696953
2023-10-24,80.445404,58.012207,19.579323,30.262102,39.119999,72.864822,13.099721,22.360771,65.137466,50.602016,47.020710,86.349464
2023-10-25,80.454147,57.659180,19.463125,29.951023,39.290001,72.512405,13.196953,22.271500,64.701797,50.342705,46.080814,85.224121
2023-10-26,80.489227,57.941597,19.571028,29.591341,39.360001,72.741867,13.064363,22.387566,65.102600,50.619919,46.730827,84.505386
2023-10-27,80.515541,58.056339,19.645725,29.795483,39.810001,72.618958,13.249988,22.423279,65.050301,50.709328,46.616642,84.136589
2023-10-30,80.524338,57.888641,19.678926,30.053099,39.580002,72.635353,13.037848,22.383101,64.884758,50.584148,46.414600,85.129539
2023-10-31,80.524338,57.915108,19.670628,30.019072,39.369999,72.873009,12.975972,22.329531,64.867340,50.539440,46.212582,85.545639
2023-11-01,80.548981,58.363659,19.850019,30.121145,39.240002,73.549652,12.993650,22.532043,65.615067,50.924049,47.138065,86.387276
2023-11-02,80.575417,58.646774,20.066957,30.432226,39.389999,74.357338,13.135078,22.621655,66.104774,51.067501,48.107624,88.146248
2023-11-03,80.584221,58.956413,20.333963,30.660671,39.520000,75.198021,13.073203,22.747101,66.507065,51.399235,48.433743,89.224312
2023-11-06,80.593033,58.690998,20.350651,30.641232,39.220001,74.934273,13.135078,22.675411,66.200981,51.175106,48.019474,89.214836
2023-11-07,80.610664,58.991810,20.367342,30.696642,39.049999,74.835373,12.843384,22.765022,66.550789,51.345436,48.662907,89.158104
2023-11-08,80.619461,59.212975,20.333963,30.855097,38.669998,74.876595,12.693116,22.796387,66.725700,51.435089,49.376854,89.101364
2023-11-09,80.663521,58.867950,20.175423,30.641232,38.830002,74.382072,12.684278,22.599249,66.262192,51.103352,48.336792,88.533966
2023-11-10,80.672325,58.938732,20.233839,30.931894,38.400002,74.761200,12.728474,22.612694,66.489594,51.112316,48.574757,89.574196
2023-11-13,80.681114,58.903339,20.242180,30.942589,38.610001,74.629311,12.905259,22.590286,66.507065,51.121288,48.504253,89.564751
2023-11-14,80.689941,59.487228,20.659370,31.457811,38.959999,75.395821,12.887581,22.787426,67.425308,51.686111,49.544327,91.635780
2023-11-15,80.707550,59.266048,20.642683,31.302273,38.869999,75.165039,12.816865,22.684378,67.180450,51.417156,48.892071,91.815453
2023-11-16,80.742813,59.558010,20.709433,31.302273,39.299999,75.272209,12.507493,22.765022,67.626450,51.695080,49.456184,91.645226
2023-11-17,80.760399,59.646488,20.751154,31.360598,39.299999,75.437027,12.701956,22.787426,67.740158,51.668190,49.658909,92.155899
2023-11-20,80.760399,59.699566,20.934719,31.355740,39.220001,75.494728,12.838964,22.854635,67.897545,51.704056,49.905693,92.761124
2023-11-21,80.786827,59.734951,20.801214,31.360598,39.650002,75.593613,12.905259,22.805349,67.958748,51.784744,49.896885,92.515251
2023-11-22,80.822052,59.788040,20.742815,31.477255,39.480000,75.783188,12.799187,22.832235,68.107422,51.757843,50.029102,92.742218
2023-11-24,80.830879,59.549168,20.801214,31.477255,39.700001,75.717262,12.728474,22.733665,67.871315,51.587490,49.491425,92.988091
2023-11-27,80.839668,59.849976,20.817904,31.433506,39.970001,75.832642,12.640082,22.809830,68.273598,51.838531,50.231834,92.808395
2023-11-28,80.857285,60.097687,20.909693,31.739727,40.480000,76.112854,12.772670,22.899443,68.553452,52.053711,50.346405,92.959717
2023-11-29,80.866104,60.407333,20.876316,31.836935,40.560001,76.508469,12.887581,22.989046,68.929466,52.250946,50.945778,92.978630
2023-11-30,80.901344,60.195007,20.767841,32.109131,40.380001,76.384834,12.675439,22.953199,68.728333,52.107498,50.425735,93.252869
2023-12-01,80.918144,60.635715,20.945599,32.370636,41.070000,77.027130,12.595885,23.074102,69.308296,52.456303,51.272781,94.056709
2023-12-04,80.918144,60.520420,20.777903,32.575748,40.189999,76.836525,12.525172,22.984213,69.071419,52.285496,51.069412,93.479836
2023-12-05,80.935844,60.892860,20.769518,32.964600,40.049999,76.944267,12.410263,23.096573,69.378510,52.519230,52.095055,93.271790
2023-12-06,80.944710,61.079082,20.803062,33.042374,40.209999,76.911095,12.109729,23.137024,69.536469,52.627110,52.731636,93.101585
2023-12-07,80.980118,61.043606,20.828215,33.149303,40.250000,77.043732,12.127407,23.105564,69.589111,52.591164,52.448723,93.725723
2023-12-08,80.997803,60.750996,20.702442,32.985012,39.730000,76.919380,12.198120,23.083090,69.264420,52.321449,52.024303,93.990501
2023-12-11,81.015503,60.759842,20.719208,33.183323,39.290001,76.861389,12.153925,23.024664,69.238129,52.321449,51.944733,94.340408
2023-12-12,81.015503,60.937202,20.761133,33.052086,39.270000,77.068573,11.950624,23.020176,69.510155,52.411354,52.077362,94.576813
2023-12-13,81.024345,61.593388,21.046227,33.431213,40.139999,78.212288,12.100889,23.321293,70.545509,53.013691,53.226776,95.976410
2023-12-14,81.059761,61.877148,21.289385,33.790901,40.400002,78.593536,12.313031,23.577477,71.080734,53.283390,54.482285,96.723503
2023-12-15,81.086273,61.939232,21.188770,33.810482,40.020000,78.436058,12.321870,23.549088,70.984215,53.229446,54.553032,96.279030
2023-12-18,81.096092,61.832829,21.239075,33.874126,40.200001,78.500237,12.395543,23.476986,70.852608,53.157524,54.190521,96.661263
2023-12-19,81.096092,62.027901,21.381624,34.016109,40.480000,78.758614,12.515263,23.476986,70.975456,53.211460,54.402718,97.385666
2023-12-20,81.113861,62.276184,21.306158,32.958611,40.259998,78.733582,12.367916,23.580631,71.186028,53.400257,54.835953,96.051216
2023-12-21,81.167206,62.240726,21.398394,33.663612,40.549999,79.091972,12.386334,23.544580,71.247459,53.391258,54.526485,97.290344
2023-12-22,81.176071,62.206501,21.390007,33.820278,40.709999,79.016960,12.349497,23.485998,71.243027,53.379543,54.357998,97.433327
2023-12-26,81.193855,62.233505,21.348085,33.927986,41.029999,79.175316,12.469217,23.513037,71.357475,53.379543,54.464405,97.919449
2023-12-27,81.193855,62.611469,21.416346,34.084648,41.230000,79.508705,12.432380,23.621180,71.876923,53.650009,55.377930,98.205391
2023-12-28,81.247215,62.431492,21.357353,34.256023,40.990002,79.225327,12.331079,23.540071,71.700867,53.523781,55.023167,98.272118
2023-12-29,81.247215,62.278507,21.365780,34.158096,40.910000,78.950310,12.248197,23.522051,71.559990,53.478706,54.570847,98.062424
2024-01-02,81.256119,62.035553,21.197208,34.128716,40.810001,78.708603,12.146895,23.490507,71.190201,53.307430,54.287048,97.233154
2024-01-03,81.282753,62.143532,21.129787,34.099339,40.470001,78.450226,12.312661,23.522051,71.084579,53.415604,54.455551,96.394348
2024-01-04,81.309433,61.783596,21.104506,34.407818,40.520000,78.141869,12.257406,23.409391,70.776421,53.208244,53.719425,96.279991
2024-01-05,81.318329,61.657604,21.146645,34.500854,40.520000,78.241890,12.321870,23.328281,70.573921,53.091049,53.275978,96.394348
2024-01-08,81.327225,61.792587,21.205643,34.422512,40.200001,78.658585,12.119267,23.422915,70.873245,53.208244,53.719425,97.557236
2024-01-09,81.336105,61.810589,21.138218,34.304993,40.230000,78.791954,12.229778,23.391371,70.943687,53.226292,53.488838,97.080650
2024-01-10,81.353905,61.720608,21.171926,34.520439,40.119999,78.958618,12.146895,23.364330,70.882065,53.172192,53.213890,97.557236
2024-01-11,81.398323,61.963539,21.281498,34.505749,40.209999,79.158676,12.220570,23.485998,71.260635,53.424625,53.533184,97.519104
2024-01-12,81.416130,62.053528,21.323641,35.083538,40.610001,79.275330,12.266614,23.589638,71.471962,53.559856,53.524300,97.671616
2024-01-16,81.425003,61.711613,20.986504,34.706505,40.220001,78.741936,12.174523,23.458965,70.934898,53.298397,52.637417,96.727974
2024-01-17,81.442795,61.531647,20.986504,34.236439,39.790001,78.441895,12.137687,23.395876,70.723595,53.109085,52.530975,95.965439
2024-01-18,81.478348,61.441647,21.020218,34.422512,40.099998,78.575272,12.229778,23.400379,70.670761,53.064003,52.105267,96.785164
2024-01-19,81.487267,61.513641,21.096071,34.770161,40.230000,78.658585,12.202150,23.409391,70.697197,53.036964,52.238304,97.662086
2024-01-22,81.496132,61.603630,21.045504,34.970917,40.080002,78.791954,12.266614,23.427418,70.846832,53.154156,52.522114,97.890846
2024-01-23,81.505028,61.450642,20.986504,34.040585,40.220001,78.741936,12.321870,23.355322,70.706001,53.082043,52.176224,98.043358
2024-01-24,81.513931,61.315681,21.079218,34.246239,39.900002,78.700256,12.423170,23.305754,70.582748,52.982876,51.883564,98.300705
2024-01-25,81.558372,61.594624,21.079218,34.240360,40.070000,79.283653,12.506053,23.382353,70.970100,53.163193,52.193958,98.729645
2024-01-26,81.567238,61.504623,21.070787,34.295197,40.040001,79.183647,12.570518,23.359829,70.802811,53.091049,52.105267,98.796364
2024-01-29,81.576149,61.747623,21.070787,34.882782,40.320000,79.408669,12.469217,23.440937,71.084579,53.289391,52.655155,99.501717
2024-01-30,81.585014,61.792587,21.138218,34.608574,40.369999,79.283653,12.552099,23.454456,71.181389,53.280373,53.045387,99.272942
2024-01-31,81.593903,61.981564,21.045504,34.941540,40.340000,79.066963,12.450798,23.594149,71.524773,53.622952,53.595264,98.062424
2024-02-01,81.634987,62.297237,21.228481,35.127609,40.750000,79.470947,12.266614,23.634706,71.808365,53.810101,54.500931,99.206230
2024-02-02,81.652863,61.873333,21.084469,35.294090,40.369999,79.160851,12.137687,23.409391,71.278275,53.321892,53.415550,99.577965
2024-02-05,81.652863,61.485485,20.906574,35.078640,40.160000,78.783691,12.183732,23.287729,70.801208,52.960270,52.401325,99.101372
2024-02-06,81.670715,61.710972,20.991289,35.597668,40.380001,79.102158,12.220570,23.364330,71.083939,53.195335,52.872856,99.654213
2024-02-07,81.679642,61.602741,20.982821,35.715191,40.340000,79.219498,12.257406,23.314766,70.977905,53.123016,52.668228,100.159409
2024-02-08,81.715370,61.449417,20.957403,35.431194,40.320000,79.236275,12.349497,23.292233,70.757027,53.005478,52.356846,100.197533
2024-02-09,81.724312,61.440403,20.982821,35.597668,40.150002,79.412277,12.377125,23.260689,70.677521,52.942200,52.258984,100.750359
2024-02-12,81.742149,61.476460,20.991289,35.225540,40.060001,79.227890,12.386334,23.269703,70.765869,52.978359,52.303471,100.883812
2024-02-13,81.742149,61.061569,20.787981,34.980713,39.509998,78.590919,12.331079,23.125504,70.138611,52.526333,51.449390,99.292015
2024-02-14,81.760025,61.404327,20.881166,35.568291,39.490002,78.917778,12.174523,23.215631,70.377159,52.689053,51.707386,100.397697
2024-02-15,81.804634,61.467457,21.016705,35.773945,39.750000,79.135696,12.220570,23.256187,70.606842,52.815628,51.947594,101.255569
2024-02-16,81.822502,61.269016,20.957403,35.891464,39.900002,78.951302,12.257406,23.233656,70.359482,52.634804,51.654011,101.017258
2024-02-20,81.831436,61.332130,20.974350,36.106907,40.150002,79.085419,12.192941,23.238165,70.615685,52.725224,51.707386,100.740837
2024-02-21,81.840401,61.133717,21.008228,35.822914,40.150002,78.959709,12.257406,23.206621,70.403633,52.589603,51.360420,100.769432
2024-02-22,81.885040,61.214931,20.991289,36.224430,40.139999,79.328468,12.275824,23.184090,70.474350,52.571533,51.573940,102.408882
2024-02-23,81.893967,61.440403,20.965878,36.204842,40.380001,79.370361,12.091640,23.242666,70.589157,52.707127,52.187817,102.485130
2024-02-26,81.893967,61.314117,21.008228,36.057945,40.310001,79.127312,12.202150,23.233656,70.412483,52.643852,52.036564,102.218262
2024-02-27,81.911827,61.232914,21.050589,36.067738,40.250000,79.185989,12.285033,23.202112,70.359482,52.580570,51.725178,102.437485
2024-02-28,81.920769,61.341183,20.991289,35.636841,40.340000,79.202759,12.238988,23.274216,70.377159,52.716179,52.009876,102.046669
2024-02-29,81.956459,61.422356,20.999762,35.715191,40.540001,79.303329,12.211360,23.337294,70.491997,52.806591,52.347939,102.466072
2024-03-01,81.978851,61.626644,21.038910,36.263596,41.299999,79.572182,12.285033,23.427418,70.849251,53.005985,52.656693,103.381111
2024-03-04,81.987839,61.527214,21.055931,36.332150,41.959999,79.605911,12.321870,23.413906,70.716293,52.915359,52.478230,103.219078
2024-03-05,81.987839,61.861694,21.047421,36.175461,42.220001,79.513191,12.238988,23.513037,70.982224,53.105690,53.174255,102.427948
2024-03-06,82.005760,61.952095,21.004864,36.371323,42.560001,79.698608,12.331079,23.531061,71.124084,53.169140,53.468719,103.247681
2024-03-07,82.041641,62.033489,21.081469,36.567188,42.820000,79.782898,12.367916,23.522051,71.345703,53.277924,53.459793,104.305695
2024-03-08,82.050591,62.087700,21.209127,36.596561,43.180000,79.816620,12.331079,23.531061,71.452087,53.332298,53.415173,103.810059
2024-03-11,82.059555,62.042492,21.192102,36.322361,43.259998,79.816620,12.432380,23.495012,71.398880,53.259781,53.379482,103.571762
2024-03-12,82.086456,61.924976,21.149551,36.155876,42.790001,79.858757,12.395543,23.449949,71.230461,53.105690,52.951164,104.572578
2024-03-13,82.086456,61.870754,21.217642,35.166782,43.070000,79.917747,12.552099,23.413906,71.141785,53.015057,52.737011,104.401016
2024-03-14,82.122284,61.563377,21.098490,35.431194,42.900002,79.521606,12.607353,23.278719,70.760605,52.761276,51.969597,103.933960
2024-03-15,82.140213,61.563377,21.115509,35.303883,42.770000,79.530037,12.671819,23.265202,70.716293,52.688744,51.924969,103.475624
2024-03-18,82.149178,61.509148,20.902735,35.460567,42.840000,79.673309,12.782329,23.238165,70.645340,52.634369,51.773289,103.858360
2024-03-19,82.167130,61.608582,20.877199,35.098232,42.790001,80.010475,12.791537,23.278719,70.858116,52.743134,51.942825,104.221985
2024-03-20,82.176102,61.744186,20.996357,35.323467,43.279999,80.280182,12.736282,23.359829,71.026573,52.870033,51.960663,105.255386
2024-03-21,82.202995,61.762257,20.962307,35.421394,43.259998,80.271736,12.717865,23.400379,71.079750,52.888157,52.058823,105.571167
2024-03-22,82.211967,61.961151,20.851673,35.343056,42.910000,80.162163,12.634982,23.490507,71.301369,53.051308,52.531780,105.245827
2024-03-25,82.229897,61.834591,20.936783,35.392017,43.040001,80.086327,12.745492,23.409391,71.132927,52.969727,52.299763,105.035309
2024-03-26,82.238869,61.879776,20.885717,35.548706,43.180000,79.934578,12.644191,23.427418,71.097481,53.015057,52.442535,104.910912
2024-03-27,82.292633,62.096748,20.902735,35.724979,43.500000,80.364456,12.653400,23.504023,71.416611,53.151020,52.870857,105.695541
2024-03-28,82.292633,62.024426,20.860180,36.087326,44.049999,80.238029,12.773119,23.504023,71.372276,53.069439,52.861935,105.733826
2024-04-01,82.315125,61.686409,20.753246,36.165668,44.520000,79.838913,12.865211,23.353296,70.877594,52.765797,51.948673,105.456329
2024-04-02,82.333138,61.641083,20.838795,36.263596,45.160000,79.686386,12.994139,23.357817,70.815308,52.738518,51.697964,104.843956
2024-04-03,82.333138,61.704536,20.915787,36.410496,45.570000,79.728760,13.141487,23.353296,70.913193,52.774879,51.662155,105.111862
2024-04-04,82.369164,61.867641,20.958559,36.351734,45.310001,79.618614,13.187531,23.448071,70.966591,52.911255,52.011345,104.030609
2024-04-05,82.387169,61.613918,20.992783,36.684700,46.060001,79.576241,13.233578,23.344276,70.761940,52.638519,51.357738,104.882217
2024-04-08,82.396187,61.559536,20.967115,36.909935,46.369999,79.788086,13.233578,23.339760,70.637352,52.556694,51.330875,105.111862
2024-04-09,82.405174,61.740776,21.009886,36.880558,46.610001,80.008385,13.169114,23.393915,70.895370,52.702137,51.787502,105.274536
2024-04-10,82.423187,61.215172,20.736139,36.635738,46.180000,79.262703,13.215160,23.172789,70.059013,52.129391,50.695168,104.068878
2024-04-11,82.450195,61.187984,20.761803,36.733662,47.060001,79.186432,13.159904,23.159248,69.996735,52.147579,50.480282,104.662140
2024-04-12,82.459198,61.369232,20.582161,36.214638,46.450001,79.177971,13.196740,23.244987,70.121307,52.302128,50.722034,102.968475
2024-04-15,82.477196,61.024860,20.453842,35.901260,47.310001,78.703453,13.196740,23.159248,69.578560,52.102131,50.014698,102.002029
2024-04-16,82.486206,60.879879,20.239985,35.930634,47.389999,78.440788,13.196740,23.087049,69.391708,51.965755,49.719223,101.418350
2024-04-17,82.495232,61.079243,20.368301,35.793530,47.049999,78.542450,12.994139,23.159248,69.703102,52.174850,50.238537,101.035599
2024-04-18,82.540245,60.907043,20.351189,35.842499,47.189999,78.644119,12.966512,23.123148,69.534042,52.038486,49.987827,100.882507
2024-04-19,82.549263,61.006729,20.385406,36.106907,47.349998,78.805153,13.030975,23.159248,69.614143,52.074852,50.148998,100.413651
2024-04-22,82.567253,61.024860,20.436733,36.449669,46.169998,79.211876,13.040185,23.136688,69.765396,52.093040,50.077374,101.351372
2024-04-23,82.576279,61.070160,20.545958,36.537804,46.040001,79.516922,13.095440,23.186329,69.952248,52.174850,50.104229,102.509178
2024-04-24,82.576279,60.861740,20.442751,36.547600,45.990002,79.381371,13.086231,23.141201,69.747627,52.093040,49.772961,102.480476
2024-04-25,82.621262,60.743923,20.451359,36.782631,46.250000,79.161018,13.159904,23.109612,69.596352,51.947571,49.468521,102.155144
2024-04-26,82.621262,60.916111,20.494358,36.772835,46.380001,79.423721,13.159904,23.163763,69.765396,52.020306,49.710281,103.073730
2024-04-29,82.639267,61.042995,20.597559,36.909935,46.299999,79.669441,13.159904,23.222429,70.005630,52.156673,50.086315,103.523468
2024-04-30,82.648285,60.843632,20.391150,36.723877,45.400002,79.169510,12.984931,23.118643,69.720917,51.993031,49.746094,101.944633
2024-05-01,82.664551,61.020767,20.511562,36.782631,45.799999,79.518074,12.791537,23.153978,69.972763,52.142582,50.045284,101.753250
2024-05-02,82.709770,61.220615,20.717960,37.252697,45.660000,79.978317,12.809956,23.235538,70.374634,52.352314,50.278889,102.997177
2024-05-03,82.718803,61.474995,20.855560,37.056835,45.619999,80.344788,12.846792,23.339752,70.785469,52.580292,50.737110,104.097572
2024-05-06,82.718803,61.529507,20.864166,36.763046,46.090000,80.430016,12.975721,23.362413,70.910484,52.607651,50.934776,105.025757
2024-05-07,82.727852,61.665779,20.881367,36.361534,45.889999,80.464111,12.975721,23.357882,70.919449,52.662373,51.222286,105.054436
2024-05-08,82.745941,61.556767,20.838360,36.410496,45.770000,80.293663,12.929675,23.335232,70.776543,52.589420,50.952740,104.987473
2024-05-09,82.791153,61.638508,20.898561,36.048157,46.470001,80.319237,12.984931,23.407724,70.865822,52.698837,51.168369,105.638153
2024-05-10,82.791153,61.465904,20.846966,36.028564,46.860001,80.131744,12.948093,23.371473,70.660446,52.580292,50.907818,105.810387
2024-05-13,82.809250,61.474995,20.881367,36.292984,46.349998,80.140251,13.049395,23.380533,70.705109,52.607651,51.006653,105.791237
2024-05-14,82.818268,61.547665,20.967369,36.674908,46.720001,80.259560,12.975721,23.430380,70.874779,52.735317,51.267212,106.441917
2024-05-15,82.827316,61.938313,21.122169,36.596561,47.320000,80.702774,13.021767,23.552721,71.392761,53.008892,51.968021,107.676270
2024-05-16,82.863495,61.847477,21.139376,36.821800,47.160000,80.540825,13.067813,23.525532,71.330269,52.926823,51.905140,107.331787
2024-05-17,82.872528,61.711193,21.173780,37.125385,47.919998,80.532310,13.187531,23.493811,71.232025,52.826515,51.572693,107.628433
2024-05-20,82.890610,61.656708,21.173780,37.301662,48.110001,80.583435,13.316461,23.480217,71.169472,52.771801,51.437923,107.695412
2024-05-21,82.899666,61.765713,21.147968,37.389797,48.040001,80.540825,13.279623,23.543663,71.276672,52.862980,51.671524,107.685844
2024-05-22,82.917747,61.638508,21.053364,37.438763,47.160000,80.370361,13.104649,23.525532,71.151619,52.790043,51.707462,107.140427
2024-05-23,82.972023,61.502251,20.975975,37.830482,46.220001,80.072060,13.021767,23.439444,70.910484,52.662373,51.419956,106.374924
2024-05-24,82.981056,61.556767,21.001768,38.026348,46.279999,80.353325,13.086231,23.462091,71.053368,52.689720,51.554722,107.159561
2024-05-28,82.972023,61.329647,21.044773,37.683590,46.740002,80.055031,13.325669,23.394135,70.758682,52.516464,50.862896,107.073448
2024-05-29,82.990059,61.084366,20.821167,37.526901,46.310001,79.790825,13.187531,23.344286,70.472908,52.370575,50.314831,105.906075
2024-05-30,83.008163,61.293308,20.838360,37.350628,46.410000,80.072060,13.012558,23.434908,70.821175,52.543816,50.755081,105.839081
2024-05-31,83.026245,61.447765,20.855560,37.409386,46.130001,80.412956,12.938884,23.525532,71.133774,52.735317,51.159386,106.633278
2024-06-03,83.039879,61.741028,20.869394,38.662895,46.529999,80.636688,12.745492,23.617121,71.473511,52.944801,51.829350,106.738541
2024-06-04,83.058029,61.923168,20.817526,36.263596,46.119999,80.602402,12.616563,23.690027,71.706589,53.146030,52.397419,106.528023
2024-06-05,83.067101,62.077995,20.791588,37.497524,46.669998,80.868088,12.662609,23.753822,71.876923,53.274101,52.740063,107.628433
2024-06-06,83.076187,62.077995,20.834820,37.615040,47.020000,80.748123,12.837583,23.735592,71.850021,53.274101,52.731049,107.704971
2024-06-07,83.112556,61.695480,20.610043,38.104687,45.360001,80.508141,12.662609,23.553328,71.321098,52.889904,51.793274,107.178703
2024-06-10,83.130722,61.513309,20.601395,38.183033,45.770000,80.585258,12.846792,23.512318,71.231461,52.844162,51.486713,107.427467
2024-06-11,83.139778,61.759212,20.584105,38.329929,45.889999,80.722397,12.819165,23.580666,71.464554,53.017982,51.955597,107.245674
2024-06-12,83.157944,61.977806,20.601395,38.633511,46.020000,81.005249,12.865211,23.608007,71.850021,53.228367,52.361347,108.288666
2024-06-13,83.167046,62.232841,20.584105,38.633511,45.639999,81.022369,12.874420,23.699141,72.145844,53.475342,53.028614,107.905907
2024-06-14,83.212440,62.360329,20.454433,39.074200,46.240002,80.696678,12.837583,23.721928,72.154808,53.539375,53.425358,107.561447
2024-06-17,83.221504,62.159962,20.480368,39.054619,45.980000,80.782379,12.865211,23.690027,71.903801,53.356415,52.947456,108.259956
2024-06-18,83.239700,62.351200,20.601395,39.240681,46.180000,81.056648,12.966512,23.794830,72.145844,53.530216,53.398308,108.613991
2024-06-20,83.257851,62.241943,20.558172,38.839169,46.750000,80.970947,13.003348,23.799393,71.975525,53.447899,53.064678,108.422615
2024-06-21,83.285103,62.278374,20.610043,38.754189,46.020000,81.056648,12.929675,23.762936,72.029327,53.466190,53.082699,108.132172
2024-06-24,83.303284,62.278374,20.713781,39.011101,46.220001,81.030960,12.984931,23.776602,72.083099,53.484497,53.254025,108.247581
2024-06-25,83.303284,62.287479,20.661913,39.011101,45.980000,81.108086,12.902048,23.803946,72.065170,53.493633,53.353210,108.459167
2024-06-26,83.312355,62.050663,20.549528,39.011101,45.580002,80.893814,12.911258,23.735592,71.769318,53.301537,52.658913,108.295677
2024-06-27,83.330528,62.132648,20.506296,39.455757,46.080002,81.005249,12.966512,23.781157,71.903801,53.383865,52.830238,108.497635
2024-06-28,83.357750,61.932259,20.558172,39.386585,46.090000,80.799538,12.938884,23.699141,71.652794,53.264950,52.009689,108.324509
2024-07-01,83.386932,61.658360,20.486931,39.702785,46.209999,80.725410,13.104649,23.616724,71.337021,53.032814,51.138386,108.468788
2024-07-02,83.396072,61.822693,20.539053,39.762074,46.200001,81.009857,13.095440,23.662512,71.651917,53.152096,51.491245,108.978523
2024-07-03,83.423409,62.087467,20.730198,39.979462,46.730000,81.199493,13.169114,23.754084,72.083755,53.381466,52.160793,109.815262
2024-07-05,83.450806,62.297474,20.860523,40.088154,47.340000,81.535698,13.224368,23.859396,72.407654,53.620029,52.531742,110.325012
2024-07-08,83.469048,62.334011,20.886589,39.989342,46.770000,81.449471,13.058604,23.859396,72.416626,53.610863,52.622234,110.296150
2024-07-09,83.469048,62.251831,20.930029,40.127678,46.849998,81.397766,12.948093,23.809031,72.326683,53.574158,52.441273,110.276924
2024-07-10,83.487274,62.361416,20.982162,40.088154,47.009998,81.552933,12.948093,23.863974,72.443649,53.601681,52.576996,111.440666
2024-07-11,83.496384,62.580540,21.121170,40.206726,47.849998,81.845993,12.984931,23.932652,72.794518,53.876938,53.083664,111.219452
2024-07-12,83.532898,62.671844,21.242804,40.364826,47.830002,82.095970,12.938884,23.964703,73.010437,53.987041,53.255573,111.969643
2024-07-15,83.551125,62.580540,21.173300,40.384590,47.980000,82.095970,12.865211,23.950964,72.758537,53.913635,52.757954,111.940788
2024-07-16,83.551125,62.817932,21.225435,40.562450,48.939999,82.423553,12.800747,24.033386,73.019440,54.042091,53.391289,112.767921
2024-07-17,83.578491,62.863594,21.199358,40.394470,48.709999,82.328712,12.828375,24.042540,73.055428,54.060448,53.445576,111.373337
2024-07-18,83.587616,62.754005,21.025608,40.335186,48.410000,82.139084,12.754702,23.983021,72.830482,53.968697,53.065582,110.430801
2024-07-19,83.614990,62.635323,20.982162,39.673141,47.549999,82.070107,12.579726,23.923496,72.650581,53.867760,52.803181,109.699867
2024-07-22,83.633224,62.589684,21.034288,40.068394,47.549999,82.354576,12.579726,23.891443,72.677567,53.840240,52.631268,110.796272
2024-07-23,83.633224,62.589684,20.990843,39.426113,47.709999,82.389015,12.487636,23.886864,72.677567,53.876938,52.613182,110.450027
2024-07-24,83.660576,62.461838,20.877901,39.356941,47.540001,82.095970,12.460008,23.818186,72.434631,53.840240,52.124599,108.324509
2024-07-25,83.660576,62.580540,20.903965,39.574329,46.810001,82.130447,12.487636,23.873125,72.605568,53.913635,52.486511,107.959053
2024-07-26,83.706200,62.808788,20.973467,40.345070,47.299999,82.354576,12.377125,23.937231,72.920486,54.097141,52.875568,109.199738
2024-07-29,83.706200,62.927486,20.912655,40.325302,47.240002,82.276985,12.294242,23.973860,73.037445,54.143013,53.110813,109.055473
2024-07-30,83.715317,63.009655,20.930029,40.305542,47.709999,82.294235,12.248197,23.987595,73.118408,54.216427,53.291775,108.776558
2024-07-31,83.733566,63.292702,21.034288,40.700790,48.570000,82.613159,12.524471,24.124954,73.496292,54.519207,53.843685,110.469269
2024-08-01,83.753693,63.462967,20.999348,40.266014,48.400002,82.418167,12.386334,24.147007,73.731979,54.717094,54.343910,108.468788
2024-08-02,83.799522,64.030495,21.226461,39.880650,48.320000,82.158134,12.174523,24.261866,74.355064,55.352158,55.869099,106.477921
2024-08-05,83.799522,63.984726,21.147842,38.773949,47.720001,81.638069,12.156105,24.330774,74.174438,55.352158,56.159618,103.602219
2024-08-06,83.817856,63.618591,21.121649,39.001221,47.330002,81.958786,12.036385,24.206732,73.822258,55.030022,54.997570,104.381256
2024-08-07,83.836182,63.499577,21.130375,39.188965,47.290001,82.080124,12.165314,24.124035,73.605537,54.910378,54.561798,104.111946
2024-08-08,83.845329,63.499577,21.261398,39.515041,48.029999,82.400795,12.266614,24.101067,73.614586,54.809124,54.262207,106.333649
2024-08-09,83.863632,63.710121,21.383694,39.554569,48.150002,82.383499,12.331079,24.165384,73.876465,54.919575,54.779686,106.776062
2024-08-12,83.891144,63.801659,21.366222,39.465637,48.959999,82.409470,12.515263,24.229706,74.011902,55.039230,54.970322,106.795311
2024-08-13,83.900299,63.966423,21.549665,39.386585,48.900002,82.816856,12.395543,24.280241,74.391182,55.223312,55.333469,108.459167
2024-08-14,83.909447,64.039658,21.619547,39.258129,48.490002,83.007538,12.303452,24.261866,74.544670,55.250912,55.642147,108.728462
2024-08-15,83.918617,63.819977,21.558397,39.643497,48.650002,83.085541,12.404753,24.211329,74.300873,54.965595,55.170059,110.334633
2024-08-16,83.964417,63.957283,21.637018,40.058510,49.709999,83.362885,12.349497,24.211329,74.490501,55.048439,55.351620,110.767426
2024-08-19,83.964417,63.984726,21.776781,40.098038,49.660000,83.492920,12.285033,24.220518,74.589867,55.076038,55.596748,111.902313
2024-08-20,83.982750,64.122047,21.811718,40.167206,49.840000,83.440880,12.229778,24.326183,74.752388,55.250912,56.023430,111.594551
2024-08-21,84.001068,64.213585,21.768044,40.433998,49.779999,83.579575,12.156105,24.367531,74.932983,55.361378,56.068813,112.238930
2024-08-22,84.001068,64.003036,21.575867,40.335186,49.200001,83.510231,12.156105,24.294024,74.698212,55.158878,55.551350,111.296410
2024-08-23,84.037735,64.241066,21.907803,40.493286,49.759998,83.952278,12.367916,24.427254,75.086517,55.379776,55.878178,112.912178
2024-08-26,84.046890,64.158661,21.864130,40.601978,49.900002,83.804939,12.496844,24.431850,75.023293,55.324535,55.778313,112.392830
2024-08-27,84.065208,64.131203,21.837923,40.572334,50.040001,83.839607,12.450798,24.427254,74.996231,55.352158,55.678452,112.719818
2024-08-28,84.074371,64.112915,21.733099,40.562450,49.700001,83.848267,12.303452,24.427254,74.923965,55.333740,55.605816,112.065826
2024-08-29,84.074371,64.039658,21.689425,40.582214,49.950001,83.900291,12.432380,24.399687,74.842682,55.278530,55.424252,112.229332
2024-08-30,84.120148,63.957283,21.637018,40.918179,49.590000,83.917595,12.285033,24.316992,74.716293,55.168072,54.924938,113.046837
2024-09-03,84.153290,64.159180,21.559734,40.611858,49.380001,83.601265,12.045594,24.375460,74.925636,55.394276,55.739304,110.825134
2024-09-04,84.162483,64.434517,21.665117,40.839130,49.419998,83.958565,11.935084,24.421492,75.260971,55.643555,56.349617,110.584702
2024-09-05,84.171715,64.526276,21.779280,40.621742,49.830002,84.202576,11.962712,24.444510,75.505684,55.708172,56.641109,110.392326
2024-09-06,84.217697,64.581337,21.752941,40.048626,49.470001,84.089294,11.796947,24.458323,75.550980,55.837425,56.686657,108.516876
2024-09-09,84.217697,64.682297,21.726593,40.453758,49.650002,84.272301,11.852202,24.518164,75.668808,55.865131,56.887062,109.632530
2024-09-10,84.245293,64.838318,21.673897,40.621742,49.880001,84.089294,11.668019,24.578007,75.841019,56.049782,57.269653,109.747940
2024-09-11,84.245293,64.884201,21.752941,40.562450,49.799999,84.228729,11.778528,24.587221,75.841019,55.985153,57.205879,110.642395
2024-09-12,84.254517,64.792427,21.858324,41.046635,50.689999,84.324585,11.990340,24.582617,75.786659,55.938992,56.987267,111.594551
2024-09-13,84.300514,64.911728,21.972483,41.016987,51.189999,84.577332,12.017967,24.679283,75.967911,56.049782,57.133011,112.181229
2024-09-16,84.318901,65.058563,22.033962,41.175087,51.180000,84.751633,12.119267,24.762150,76.149155,56.132866,57.597572,112.614029
2024-09-17,84.328125,64.975975,22.069084,41.046635,50.900002,84.803909,12.202150,24.752945,76.121971,56.049782,57.351627,112.546700
2024-09-18,84.346519,64.801590,22.077871,40.789722,50.520000,84.899765,12.128477,24.665478,75.958847,55.920509,56.732197,112.229332
2024-09-19,84.364922,64.792427,22.209599,41.105923,51.290001,85.082794,12.340288,24.541182,76.022285,55.911282,56.577351,114.220184
2024-09-20,84.401726,64.774078,22.209599,41.748199,51.939999,85.178635,12.349497,24.697701,76.076660,55.920509,56.440712,113.792625
2024-09-23,84.410934,64.764885,22.165688,41.916180,52.049999,85.021774,12.349497,24.702309,76.004143,55.892826,56.331398,114.159386
2024-09-24,84.420128,64.875031,22.341331,41.580223,52.770000,85.065369,12.542890,24.766756,76.121971,55.975914,56.358727,114.931519
2024-09-25,84.438515,64.691467,22.227161,41.629627,52.709999,84.969482,12.450798,24.674683,75.850082,55.818977,55.894161,114.362076
2024-09-26,84.438515,64.728180,22.394022,41.748199,52.970001,85.004341,12.349497,24.637854,75.804764,55.754337,55.994366,115.780853
2024-09-27,84.466118,64.856667,22.394022,41.748199,52.560001,85.222244,12.395543,24.706909,76.085716,55.938992,56.267639,115.443062
2024-09-30,84.475342,64.801590,22.306196,41.402363,52.130001,85.222244,12.367916,24.688498,75.904449,55.782028,56.058121,115.529915
2024-10-01,84.494713,65.025169,22.211777,41.125683,52.689999,85.185432,12.579726,24.766785,76.192787,55.930195,56.420921,114.796387
2024-10-02,84.503967,64.877945,22.185301,41.086159,52.680000,85.176659,12.681027,24.739155,76.101830,55.837585,56.009686,114.970131
2024-10-03,84.522461,64.666367,22.008804,40.661266,52.650002,85.027710,12.883630,24.637835,75.765297,55.652397,55.543629,114.333115
2024-10-04,84.540924,64.353569,21.849966,40.443878,52.540001,84.948845,12.920465,24.462841,75.310509,55.198666,54.858242,115.346550
2024-10-07,84.559418,64.206375,21.814669,39.613857,52.380001,84.537033,13.104649,24.439812,75.028580,55.041237,54.510979,114.651619
2024-10-08,84.559418,64.270775,21.797012,40.206726,51.980000,84.712273,12.782329,24.481262,75.155899,55.087536,54.556675,114.844658
2024-10-09,84.568649,64.105179,21.735241,40.582214,51.700001,84.624641,12.690236,24.444418,74.973999,54.948647,54.255104,115.298271
2024-10-10,84.577873,64.132782,21.770544,40.394470,52.090000,84.615860,12.920465,24.495077,75.001266,54.976418,54.063202,115.114891
2024-10-11,84.624069,64.132782,21.832314,40.463642,52.630001,84.808662,12.938884,24.499683,75.037659,55.004196,53.916977,115.906326
2024-10-14,84.614822,64.123558,21.752893,40.483402,52.570000,84.861214,12.754702,24.453625,75.010368,54.920853,53.889568,116.485428
2024-10-15,84.642540,64.353569,21.673468,40.335186,52.759998,84.861214,12.496844,24.490475,75.228676,55.106060,54.520111,115.288628
2024-10-16,84.642540,64.454750,21.638170,40.384590,53.009998,85.036484,12.469217,24.499683,75.410583,55.161617,54.684605,115.858078
2024-10-17,84.661049,64.289169,21.602871,39.949818,53.340000,84.826157,12.469217,24.425999,75.064934,54.985672,53.935261,115.800171
2024-10-18,84.688744,64.335152,21.585220,39.989342,53.900002,85.071503,12.404753,24.453625,75.064934,55.050491,53.990086,116.369606
2024-10-21,84.707222,63.957962,21.496977,39.811478,53.900002,84.729790,12.469217,24.287842,74.519226,54.791218,53.131077,115.771202
2024-10-22,84.716469,63.967159,21.461676,39.347065,54.470001,84.580811,12.662609,24.324682,74.510117,54.744919,53.158482,115.491318
2024-10-23,84.716469,63.856785,21.346954,39.198837,53.820000,84.300446,12.625772,24.260210,74.337311,54.643059,53.003132,114.487549
2024-10-24,84.725708,63.976387,21.417553,39.188965,54.209999,84.563301,12.625772,24.287842,74.437347,54.707882,53.286423,114.786743
2024-10-25,84.762642,63.884373,21.382256,38.744305,54.349998,84.431877,12.671819,24.214163,74.319130,54.633801,53.039684,114.593712
2024-10-28,84.762642,63.875156,21.346954,39.080269,54.349998,84.677216,12.367916,24.186527,74.228165,54.531940,52.875202,115.192116
2024-10-29,84.781120,63.865974,21.311661,39.119793,54.939999,84.703514,12.349497,24.214163,74.310020,54.568993,52.930019,115.095589
2024-10-30,84.790375,63.718773,21.294004,38.981457,55.230000,84.537033,12.487636,24.260210,74.155388,54.476383,53.039684,114.670914
2024-10-31,84.808838,63.700367,21.311661,38.823357,54.389999,84.379303,12.561309,24.232576,74.009880,54.448605,53.121933,113.010841
2024-11-01,84.845016,63.586937,21.154587,38.882645,54.169998,84.353745,12.460008,24.121006,73.724091,54.268383,52.426701,113.464478
2024-11-04,84.863556,63.771400,21.332064,38.517040,54.240002,84.565224,12.634982,24.167110,74.089302,54.444881,53.151283,113.406563
2024-11-05,84.863556,63.872822,21.438545,38.872761,54.360001,84.776672,12.699446,24.185555,74.299316,54.435608,53.380573,114.777092
2024-11-06,84.882111,63.503899,21.190083,39.208725,52.709999,84.970520,12.579726,24.167110,73.778870,54.110462,52.142357,116.282745
2024-11-07,84.891388,63.826725,21.545031,39.080269,53.570000,85.340530,12.699446,24.250099,74.472809,54.417023,52.720200,117.508499
2024-11-08,84.937759,63.955853,21.332064,38.566444,53.209999,85.525574,12.524471,24.296206,74.554985,54.426308,53.307198,117.180351
2024-11-11,84.928490,63.928192,21.181215,38.635609,51.959999,85.472725,12.321870,24.231657,74.408897,54.305550,53.105419,117.315468
2024-11-12,84.937759,63.660713,21.012613,38.141548,51.520000,85.058609,12.248197,24.102566,73.970596,54.091888,52.353325,116.379272
2024-11-13,84.956306,63.633045,20.985996,37.746304,51.000000,85.120300,12.211360,24.074909,73.897545,54.129051,51.986450,116.137978
2024-11-14,84.956306,63.679161,20.950504,37.874760,50.849998,84.944084,12.192941,24.065691,73.797119,54.073315,52.243267,115.539558
2024-11-15,84.984138,63.716053,21.003748,37.538795,50.759998,84.900009,12.137687,24.065691,73.861038,54.147629,52.114857,114.391022
2024-11-18,84.993408,63.725273,21.145721,37.746304,51.720001,85.040962,12.395543,24.111788,73.979736,54.221943,52.215740,115.066643
2024-11-19,85.021225,63.780609,21.145721,38.102028,52.180000,85.181946,12.432380,24.167110,74.116714,54.286961,52.445042,115.365845
2024-11-20,85.030495,63.716053,21.083607,38.062504,52.490002,85.129097,12.450798,24.148676,73.988853,54.231232,52.307472,115.336884
2024-11-21,85.039795,63.734505,21.048113,37.736420,52.930000,85.155518,12.515263,24.121006,73.924942,54.194069,52.215740,115.887039
2024-11-22,85.067604,63.826725,21.012613,38.388577,53.619999,85.155518,12.552099,24.130228,73.979736,54.203354,52.252441,116.388916
2024-11-25,85.076889,64.260254,21.163465,38.783833,52.040001,85.499138,12.377125,24.268539,74.582390,54.574928,53.481476,116.881142
2024-11-26,85.076889,64.158768,21.074730,38.704781,52.139999,85.340530,12.377125,24.213217,74.500214,54.519196,53.307198,116.958366
2024-11-27,85.104698,64.306351,21.154587,38.813477,52.240002,85.587250,12.303452,24.286980,74.701088,54.667828,53.655727,116.813583
2024-11-29,85.123245,64.564621,21.207834,38.922173,52.700001,85.781082,12.340288,24.351532,75.029800,54.835026,54.132679,117.691887
2024-12-02,85.146515,64.671875,21.125755,38.932049,52.250000,85.740341,12.229778,24.349674,75.083878,54.818249,54.241306,117.942810
2024-12-03,85.165146,64.579399,21.116840,39.050625,52.340000,85.758049,12.367916,24.349674,74.937248,54.743713,53.836246,118.135857
2024-12-04,85.174446,64.745842,21.134682,39.119793,52.500000,85.944061,12.294242,24.432877,75.184700,54.892807,54.342579,118.618431
2024-12-05,85.183762,64.718102,21.241734,39.485397,52.130001,85.873207,12.312661,24.395899,75.166351,54.883499,54.434628,118.637741
2024-12-06,85.220993,64.838326,21.214973,39.495281,52.150002,86.023819,12.211360,24.405146,75.377144,55.013950,54.526684,118.782516
2024-12-09,85.230316,64.708878,21.259581,39.396469,52.660000,85.899788,12.312661,24.377409,75.248840,54.902122,54.121620,118.541229
2024-12-10,85.248924,64.662636,21.259581,39.356941,53.340000,85.899788,12.340288,24.368166,75.193855,54.818249,53.873070,117.788406
2024-12-11,85.258232,64.588661,21.259581,39.564445,53.849998,85.917519,12.506053,24.340433,75.083878,54.734402,53.394356,118.685997
2024-12-12,85.276833,64.329742,21.179289,39.218605,53.099998,85.687187,12.450798,24.247990,74.818108,54.613262,52.860413,117.884926
2024-12-13,85.304771,64.191048,21.152523,39.455757,52.459999,85.421448,12.450798,24.183277,74.534012,54.445541,52.400120,117.749794
2024-12-16,85.314079,64.191048,21.098993,39.391529,52.560001,85.563187,12.358706,24.164787,74.598175,54.464176,52.482975,117.904228
2024-12-17,85.323387,64.181801,21.054392,38.981457,52.369999,85.412582,12.285033,24.146301,74.561516,54.454853,52.565823,117.411987
2024-12-18,85.323387,63.802681,20.751064,38.171196,51.369999,84.526741,12.165314,23.998396,73.800873,54.119415,51.949028,113.947044
2024-12-19,85.335533,63.719463,20.777826,38.447868,51.439999,84.410934,12.146895,23.878212,73.599243,54.044865,51.323029,113.927742
2024-12-20,85.372948,63.867413,20.938410,38.272865,51.980000,84.954262,12.220570,23.943209,73.874176,54.184639,51.525562,114.848595
2024-12-23,85.372948,63.682480,20.822435,38.083935,51.730000,84.785034,12.263886,23.906069,73.690895,54.016907,51.129707,115.480644
2024-12-24,85.391624,63.775082,20.858120,38.183372,51.840000,85.007713,12.321645,23.952484,73.821548,54.044964,51.294170,116.394691
2024-12-26,85.410316,63.803143,20.831350,38.044159,52.189999,85.212563,12.283139,23.952484,73.904335,54.082348,51.275703,116.530830
2024-12-27,85.447723,63.616074,20.859167,37.855232,51.810001,84.989899,12.331271,23.896784,73.720329,54.016903,50.915318,115.616783
2024-12-30,85.447723,63.831207,20.796362,37.537037,51.650002,85.052238,12.446787,23.980335,73.996323,54.241280,51.331142,114.498535
2024-12-31,85.466393,63.784443,20.733562,37.686195,51.990002,85.034431,12.504544,23.980335,73.849144,54.222591,51.146332,114.236000
2025-01-02,85.485100,63.840549,20.769449,38.183372,52.689999,85.283829,12.639312,23.961765,73.867538,54.231918,51.201775,114.002617
2025-01-03,85.494431,63.709602,20.769449,38.133652,52.279999,85.461952,12.562302,23.924635,73.729515,54.175831,51.053936,115.179214
2025-01-06,85.503792,63.644127,20.868137,37.527096,52.189999,85.559937,12.591181,23.933918,73.665138,54.157146,50.869125,115.889053
2025-01-07,85.522491,63.475765,20.859167,37.556923,52.500000,85.301643,12.648938,23.896784,73.416748,53.998211,50.342407,114.751366
2025-01-08,85.541191,63.466400,20.823278,37.447544,52.779999,85.390709,12.629685,23.943209,73.471931,54.073006,50.416336,114.790253
2025-01-10,85.569229,63.157711,20.661787,36.572506,53.700001,84.918633,12.947353,23.850367,73.039528,53.764496,50.055958,112.952446
2025-01-13,85.578583,63.120296,20.616932,36.085278,52.730000,84.883011,13.014737,23.878216,72.837143,53.699051,49.963539,112.991333
2025-01-14,85.597282,63.054825,20.733562,36.413410,53.029999,84.954262,13.024364,23.887495,72.910728,53.727093,49.889629,113.380287
2025-01-15,85.606628,63.513161,20.796362,36.632172,53.430000,85.738075,13.188010,24.045328,73.600739,54.119743,50.712017,115.111145
2025-01-16,85.606628,63.634777,20.724586,36.502903,53.790001,85.836060,13.149505,24.073177,73.775528,54.250633,50.906086,115.218109
2025-01-17,85.653366,63.690880,20.751507,36.602341,53.529999,85.907303,13.091747,24.091751,73.812355,54.231918,50.970768,116.180779
2025-01-21,85.653366,63.840549,21.029631,36.284145,54.340000,86.156700,13.062868,24.110312,74.115936,54.344120,51.377338,117.590729
2025-01-22,85.672058,63.756390,21.164200,36.144932,54.619999,86.014206,13.033990,24.082464,73.904335,54.241280,51.155586,117.892166
2025-01-23,85.672058,63.690880,21.200092,36.552620,54.549999,86.138885,13.005111,24.101027,73.876740,54.166489,50.813671,118.524216
2025-01-24,85.709457,63.747005,21.361584,36.274200,54.910000,86.227966,13.005111,24.138166,73.987129,54.278675,51.007736,118.533936
2025-01-27,85.718811,63.971519,21.271864,35.747196,54.320000,86.325928,12.774080,24.249573,74.382729,54.512390,51.626846,117.182335
2025-01-28,85.718811,63.971519,21.227009,35.697475,54.770000,86.272484,12.802959,24.258856,74.355133,54.521736,51.543678,117.940788
2025-01-29,85.728157,63.934097,21.235977,35.926178,54.580002,86.201241,12.831838,24.240288,74.309120,54.465645,51.469753,117.580986
2025-01-30,85.737503,64.055702,21.307751,36.264259,55.389999,86.379372,12.831838,24.258856,74.456337,54.549782,51.673046,118.572845
2025-01-31,85.765533,64.027634,21.137289,36.363697,55.480000,86.183441,12.812586,24.277420,74.336754,54.531094,51.442036,117.726860
2025-02-03,85.789940,64.164574,21.156227,36.204597,55.810001,86.072350,12.928101,24.323845,74.330269,54.522659,51.726776,116.803101
2025-02-04,85.789940,64.277122,21.300510,36.552620,56.360001,86.323135,12.976232,24.360979,74.487267,54.597679,51.884445,117.892166
2025-02-05,85.799301,64.511604,21.327570,36.492962,56.730000,86.556015,12.870342,24.472387,74.847481,54.794655,52.644997,118.514488
2025-02-06,85.818085,64.464729,21.363636,36.134995,56.570000,86.448547,12.889596,24.435249,74.718170,54.747753,52.654278,118.903450
2025-02-07,85.836823,64.324036,21.273464,35.896343,56.689999,86.197762,12.899221,24.370264,74.478043,54.607067,52.348202,117.940788
2025-02-10,85.846214,64.370926,21.273464,35.965950,57.610001,86.394798,13.091747,24.379543,74.533463,54.607067,52.227627,118.718681
2025-02-11,85.855606,64.202095,21.282478,35.657700,57.410000,86.296280,13.188010,24.370264,74.422623,54.541409,51.921543,118.786766
2025-02-12,85.864967,63.958229,21.219353,35.419052,57.480000,86.099236,13.053243,24.240288,74.090126,54.269413,51.253742,118.670082
2025-02-13,85.883728,64.286507,21.417749,35.806850,58.029999,86.484367,13.091747,24.370264,74.515007,54.503895,52.014297,119.953621
2025-02-14,85.911880,64.342781,21.516947,35.180408,57.169998,86.591843,13.120626,24.416681,74.792068,54.672714,52.329647,120.080032
2025-02-18,85.930634,64.108307,21.480875,35.240070,58.119999,86.538101,13.293900,24.342409,74.551941,54.513271,51.773151,120.546783
2025-02-19,85.940010,64.127060,21.417749,35.329559,58.160000,86.609756,13.409415,24.379543,74.635063,54.597679,51.819530,120.400925
2025-02-20,85.958801,64.164574,21.543999,35.478714,58.189999,86.672447,13.447920,24.435249,74.764366,54.672714,51.986469,120.235619
2025-02-21,85.986946,64.464729,21.507927,34.921875,58.139999,86.547058,13.255395,24.500238,75.004501,54.897823,52.570793,118.543671
2025-02-24,85.996315,64.445946,21.516947,34.872158,58.459999,86.627670,13.216888,24.528091,75.124565,54.982239,52.709930,117.960228
2025-02-25,85.996315,64.727333,21.562038,34.852268,57.689999,86.842644,13.053243,24.639498,75.540176,55.273006,53.516857,117.824097
2025-02-26,86.015076,64.877380,21.553022,34.723000,57.779999,86.923210,12.956980,24.658062,75.651009,55.376179,53.813652,117.999130
2025-02-27,86.024445,64.811745,21.408730,34.335201,56.910000,86.744102,12.956980,24.639498,75.503227,55.366798,53.498295,116.219666
2025-02-28,86.043228,65.065018,21.336588,34.076672,56.540001,86.985931,12.860716,24.797321,75.771080,55.573139,54.091904,117.240662
2025-03-03,86.061096,65.095100,21.422676,33.838020,57.270000,86.794998,12.764454,24.866993,75.925858,55.707668,54.370132,115.996010
2025-03-04,86.061096,64.737770,21.549541,33.808189,57.790001,86.695953,12.788519,24.792675,75.842438,55.632408,53.802505,115.150047
2025-03-05,86.070503,64.427475,21.785162,34.703117,57.900002,86.731972,12.754827,24.653343,75.582924,55.416046,53.355869,117.055908
2025-03-06,86.079903,64.324074,21.767033,34.723000,57.619999,86.425804,12.725949,24.644051,75.453186,55.425449,53.216290,115.315338
2025-03-07,86.117554,64.277039,21.776091,34.852268,57.650002,86.551865,12.822211,24.606895,75.379028,55.387829,53.058102,116.044632
2025-03-10,86.126968,64.455696,21.622042,34.434639,57.169998,86.218666,12.745201,24.709076,75.610741,55.670044,53.597794,113.088577
2025-03-11,86.136383,64.201820,21.748913,34.583790,57.820000,85.831429,12.812586,24.634764,75.230736,55.538345,53.244198,112.631554
2025-03-12,86.145790,64.192421,21.730783,34.573849,58.070000,85.912491,12.822211,24.625473,75.026840,55.425449,52.937130,113.244164
2025-03-13,86.164612,64.342873,21.757975,34.474411,59.080002,85.426193,12.783706,24.653343,75.221466,55.585373,53.365166,111.902275
2025-03-14,86.183456,64.239433,21.803278,34.792606,59.119999,85.849457,12.822211,24.579027,75.156563,55.425449,53.095322,114.226273
2025-03-17,86.202248,64.371078,21.866718,35.140633,59.439999,86.074585,12.928101,24.606895,75.239998,55.425449,53.300034,115.363968
2025-03-18,86.202248,64.408699,21.857655,35.409111,60.169998,85.921494,12.899221,24.634764,75.388298,55.481899,53.393093,114.537430
2025-03-19,86.211678,64.587326,21.785162,35.936119,60.400002,86.434814,12.976232,24.755522,75.721939,55.623005,53.607098,115.480644
2025-03-20,86.230476,64.577927,21.730783,36.075329,60.310001,86.326752,12.995484,24.783386,75.694130,55.679440,53.718769,114.984734
2025-03-21,86.258743,64.540314,21.676414,36.612286,59.830002,86.236679,12.918474,24.764811,75.666328,55.679440,53.439610,114.726196
2025-03-24,86.258743,64.361664,21.622042,37.139294,59.549999,86.569893,12.966606,24.671919,75.388298,55.444271,52.899910,116.179787
2025-03-25,86.268127,64.399277,21.703598,36.990139,59.830002,86.479820,12.976232,24.727655,75.508781,55.538345,52.955738,116.404182
2025-03-26,86.277542,64.333458,21.612976,36.492962,59.779999,86.065590,12.966606,24.690498,75.332657,55.472496,52.639370,115.135941
2025-03-27,86.296364,64.333458,21.603918,36.791267,60.560001,85.903465,13.005111,24.736940,75.295609,55.463078,52.481186,115.009117
2025-03-28,86.324600,64.634346,21.576733,36.483013,61.029999,85.741379,12.956980,24.876278,75.694130,55.782917,53.197678,112.989700
2025-03-31,86.324600,64.700172,21.622042,36.632172,61.889999,85.822433,13.120626,24.978460,75.777573,55.876991,53.607098,113.116524
2025-04-01,86.344421,64.879326,21.628418,36.353752,61.790001,86.050644,13.139878,24.986851,75.953407,55.995914,54.018028,113.487236
2025-04-02,86.353867,64.841606,21.646639,36.652058,61.869999,86.213646,13.216888,24.958883,76.046463,55.939281,53.971336,114.160378
2025-04-03,86.363319,65.152748,21.837963,36.483013,61.540001,85.036354,12.687444,25.108055,76.307007,56.448936,54.344898,109.653282
2025-04-04,86.391640,65.265884,21.427980,34.961647,60.150002,83.723236,12.215755,25.033468,76.102295,56.533875,54.830547,103.116997
2025-04-07,86.401085,64.662460,21.127340,34.812492,58.959999,82.962532,12.032856,24.753765,74.995033,56.128044,53.289562,101.878036
2025-04-08,86.419968,64.530449,21.191111,34.921875,59.110001,82.618393,11.753694,24.679180,74.353035,55.995914,52.374329,100.639076
2025-04-09,86.419968,64.455017,21.546423,36.234425,61.259998,84.846207,12.235008,24.688501,75.069489,55.750519,52.542431,109.243538
2025-04-10,86.429420,64.332458,21.573759,35.896343,62.799999,83.469650,12.042482,24.427444,74.278587,55.637260,51.365688,106.199791
2025-04-11,86.467194,64.266464,21.792410,35.965950,64.010002,83.668884,12.215755,24.408796,74.027374,55.363564,51.487106,108.394791
2025-04-14,86.467194,64.568161,21.810627,36.294090,63.630001,84.157906,12.196503,24.539326,74.492592,55.722206,51.898022,109.419151
2025-04-15,86.486107,64.624725,21.755968,36.353752,64.000000,84.402451,12.167624,24.529999,74.818268,55.816582,52.066135,109.526443
2025-04-16,86.495514,64.813301,21.883511,36.463127,66.080002,84.329994,12.312018,24.613914,75.106697,56.024223,52.364994,107.897263
2025-04-17,86.533295,64.794464,21.992834,37.198956,65.779999,84.873360,12.408281,24.641884,75.125298,55.958149,51.944725,108.463097
2025-04-21,86.542747,64.587029,22.083946,37.785625,67.820000,84.357140,12.312018,24.529999,74.632172,55.826027,51.094849,106.785110
2025-04-22,86.542747,64.709602,22.074837,38.044159,66.849998,84.674126,12.340897,24.623241,74.743813,55.807140,51.375023,109.116714
2025-04-23,86.561661,64.719009,22.029285,37.785625,65.260002,85.163147,12.254260,24.707151,74.902008,55.797707,51.841988,110.511765
2025-04-24,86.561661,65.030174,22.184162,38.203255,66.190002,85.896675,12.350523,24.819029,75.497498,56.014782,52.336971,112.433624
2025-04-25,86.599403,65.124481,22.220602,37.576813,65.440002,86.050644,12.379402,24.837679,75.823158,56.156357,52.682522,112.970184
2025-04-28,86.608864,65.218742,22.284374,37.875118,66.379997,86.059692,12.321645,24.912264,75.999947,56.335674,52.972042,113.292122
2025-04-29,86.608864,65.303612,22.320820,38.034214,65.769997,86.277039,12.167624,24.958883,76.139503,56.467812,53.382961,113.809181
2025-04-30,86.618309,65.369614,22.293484,38.064045,65.260002,85.769905,11.975098,25.014820,76.093002,56.599937,53.084095,113.750633
2025-05-01,86.639137,65.195633,22.290737,38.034214,63.919998,85.878281,12.013603,24.923965,75.817436,56.369884,52.767319,114.160378
2025-05-02,86.667564,64.959297,22.373161,38.262917,64.050003,86.124168,12.071362,24.774101,75.611938,56.095318,52.242455,116.150520
2025-05-05,86.667564,64.921478,22.418953,38.601002,65.919998,86.087730,11.984724,24.792833,75.574577,56.038509,51.998768,115.896889
2025-05-06,86.686531,65.006569,22.418953,38.123707,67.809998,86.042206,12.157998,24.849035,75.695999,56.161594,52.129990,115.243248
2025-05-07,86.686531,65.167290,22.336529,37.835342,66.800003,86.060410,12.032856,24.858408,75.845451,56.237331,52.354916,115.321297
2025-05-08,86.705475,64.836411,22.254103,36.632172,65.480003,86.087730,12.167624,24.774101,75.546562,55.915428,51.801945,115.721275
2025-05-09,86.733910,64.874229,22.336529,37.198956,65.930000,86.105965,12.283139,24.802202,75.537224,55.943840,51.886292,115.887123
2025-05-12,86.733910,64.618942,22.180841,38.640778,64.070000,87.107697,12.360150,24.605511,75.462494,55.650345,51.427040,118.755272
2025-05-13,86.752846,64.562218,22.327370,38.531399,64.339996,87.244324,12.523797,24.661707,75.546562,55.640873,51.211475,119.340622
2025-05-14,86.752846,64.392059,22.254103,38.451843,63.000000,86.925575,12.446787,24.624243,75.266342,55.508331,50.920933,119.340622
2025-05-15,86.762329,64.770233,22.336529,38.998745,64.000000,87.080391,12.321645,24.717907,75.752045,55.754490,51.361439,120.013763
2025-05-16,86.800232,64.770233,22.327370,38.968910,63.240002,87.189674,12.263886,24.755373,75.836121,55.773426,51.455158,120.599091
2025-05-19,86.800232,64.817490,22.455584,39.068352,64.019997,87.135025,12.225382,24.764742,75.882812,55.792355,51.305202,120.930786
2025-05-20,86.819206,64.675674,22.473900,38.481678,65.239998,87.098595,12.398655,24.708542,75.817436,55.763954,50.967793,120.803970
2025-05-21,86.828651,64.335335,22.501373,38.441906,65.720001,86.515762,12.379402,24.558678,75.210304,55.555668,50.180504,119.291840
2025-05-22,86.847618,64.467697,22.455584,38.233089,65.150002,86.661469,12.302392,24.633608,75.481163,55.678753,50.433559,119.204041
2025-05-23,86.885521,64.647308,22.647903,38.819759,66.570000,86.625038,12.379402,24.680439,75.583908,55.792355,50.555393,118.930885
2025-05-27,86.885521,64.930939,22.638748,38.839649,65.449997,87.180565,12.283139,24.783472,76.004234,55.924896,51.183357,120.862495
2025-05-28,86.894989,64.855309,22.565483,38.680550,65.309998,87.135025,12.225382,24.671074,75.854805,55.820766,50.949055,120.033264
2025-05-29,86.904480,65.025475,22.702854,38.889366,65.669998,87.244324,12.167624,24.755373,76.116333,55.981716,51.380180,120.521049
2025-05-30,86.932892,65.091660,22.602116,38.710381,65.239998,87.344482,12.071362,24.830301,76.331169,56.133194,51.520771,120.355202
2025-06-02,86.948105,65.013931,22.742006,38.839649,66.980003,87.340836,12.321645,24.768240,76.197998,56.004013,51.050335,121.155159
2025-06-03,86.967125,64.985481,22.695990,38.461792,66.400002,87.542290,12.408281,24.730627,76.216759,55.956520,50.984493,121.467346
2025-06-04,86.967125,65.222496,22.788025,38.471733,66.820000,87.743774,12.350523,24.815260,76.638771,56.222473,51.765385,121.750267
2025-06-05,86.976624,65.042358,22.815638,38.601002,66.480003,87.560623,12.408281,24.777645,76.338676,56.089500,51.765385,121.418564
2025-06-06,87.005157,64.881210,22.778824,39.118069,65.589996,87.569778,12.494917,24.664806,75.991669,55.766537,51.135021,122.364861
2025-06-09,87.024185,64.994949,22.797230,39.346771,65.900002,87.661377,12.504544,24.674210,76.160484,55.842533,51.200874,122.569733
2025-06-10,87.033684,65.127686,22.788025,39.426319,65.930000,87.853683,12.466039,24.683611,76.273033,55.899525,51.417278,123.155052
2025-06-11,87.033684,65.222496,22.870861,39.446205,66.269997,87.807892,12.668191,24.721228,76.544991,56.079994,51.605442,122.920944
2025-06-12,87.043205,65.412094,22.962896,39.068352,67.099998,87.917778,12.677817,24.796455,76.816971,56.241474,52.179356,123.447739
2025-06-13,87.081253,65.194054,22.870861,38.521454,67.970001,87.643036,13.033990,24.768240,76.488716,56.108486,51.690117,121.896584
2025-06-16,87.081253,65.099236,22.907673,38.849590,67.019997,87.844498,13.033990,24.721228,76.451218,56.032505,51.266739,122.959953
2025-06-17,87.100258,65.250923,22.824837,38.322582,67.050003,87.725479,13.293900,24.852873,76.629387,56.184490,51.831242,121.760010
2025-06-18,87.119286,65.336243,22.852448,38.322582,66.690002,87.862846,13.346844,24.862278,76.685669,56.212982,51.887699,121.828293
2025-06-20,87.138290,65.345718,22.852448,38.406246,66.660004,88.128426,13.380535,24.918697,76.798218,56.279469,51.821838,121.294067
2025-06-23,87.157310,65.459496,22.889267,38.645287,66.860001,88.302429,12.918474,24.937504,77.013908,56.431454,52.019421,122.450745
2025-06-24,87.157310,65.544807,23.073336,39.013809,65.820000,88.540543,12.591181,24.975117,77.323380,56.573940,52.358120,123.989708
2025-06-25,87.166794,65.535324,23.082537,39.153255,66.029999,88.568016,12.562302,24.975117,77.285896,56.611923,52.386341,123.774063
2025-06-26,87.176331,65.677513,23.183779,39.711021,65.959999,88.851921,12.610434,25.040937,77.529694,56.754402,52.612144,124.930733
2025-06-27,87.214355,65.563751,23.174576,39.820583,64.769997,88.778664,12.543049,25.003325,77.454666,56.659416,52.320484,125.469872
2025-06-30,87.223854,65.724922,23.331039,39.671181,65.519997,89.080872,12.552675,25.087955,77.764145,56.811394,52.800320,125.979584
2025-07-01,87.239128,65.757240,23.334736,39.820583,66.089996,89.016403,12.620059,25.083229,77.755684,56.685619,52.860744,125.989395
2025-07-02,87.248672,65.605148,23.408722,39.711021,66.470001,89.191383,12.822211,25.064354,77.746284,56.609394,52.558582,126.557922
2025-07-03,87.296371,65.567139,23.399471,39.711021,66.040001,89.246651,12.822211,25.026588,77.614471,56.456928,52.275303,127.224480
2025-07-07,87.305908,65.434067,23.251497,39.462017,66.089996,88.924309,12.793332,24.998270,77.369682,56.380711,51.803165,126.067810
2025-07-08,87.305908,65.329514,23.297741,39.641300,65.400002,88.786179,12.822211,24.988832,77.162560,56.323540,51.727615,126.332481
2025-07-09,87.315460,65.529129,23.316238,39.691101,65.650002,89.016403,12.812586,25.054913,77.492073,56.523632,52.228085,127.087257
2025-07-10,87.334541,65.491089,23.297741,39.422180,65.830002,88.970360,12.754827,25.054913,77.492073,56.495049,52.275303,127.322502
2025-07-11,87.353622,65.272469,23.251497,39.123371,66.480003,88.813797,12.928101,25.017149,77.219048,56.361652,51.614304,126.685356
2025-07-14,87.363167,65.281975,23.223751,39.123371,66.230003,88.896675,12.822211,25.036030,77.200203,56.361652,51.538761,126.910797
2025-07-15,87.372719,65.186920,23.168253,39.183136,65.949997,88.611198,12.793332,24.960508,76.964851,56.190136,51.189373,126.263847
2025-07-16,87.391785,65.320000,23.251497,39.462017,66.279999,88.813797,12.822211,25.045473,77.171974,56.342587,51.283810,126.763779
2025-07-17,87.391785,65.320000,23.223751,39.252853,66.110001,88.924309,12.908848,25.064354,77.256699,56.313995,51.264919,127.410721
2025-07-18,87.429947,65.358017,23.251497,38.934132,66.309998,89.053238,12.947353,25.092676,77.435577,56.437874,51.378227,127.302895
2025-07-21,87.449036,65.557632,23.343985,39.043694,67.309998,89.172966,12.908848,25.168198,77.661530,56.561745,51.784279,127.616577
2025-07-22,87.458549,65.652672,23.399471,38.973972,67.959999,89.338730,12.899221,25.187080,77.802750,56.666565,52.067558,127.969460
2025-07-23,87.468109,65.462578,23.445723,38.993893,67.129997,89.403198,12.870342,25.073792,77.699196,56.523632,51.803165,129.439819
2025-07-24,87.468109,65.367531,23.427223,38.615406,66.720001,89.274277,12.851090,25.111555,77.605042,56.456928,51.737061,129.096725
2025-07-25,87.496727,65.529129,23.343985,38.346485,66.089996,89.366364,12.725949,25.139881,77.793335,56.542683,52.010906,129.371185
2025-07-28,87.506271,65.500603,23.177509,37.967999,65.690002,89.329529,12.860716,25.092676,77.670952,56.475983,51.737061,128.724243
2025-07-29,87.515800,65.709709,23.205254,38.207043,65.849998,89.347946,13.024364,25.234282,77.962807,56.695145,52.520805,128.488983
2025-07-30,87.525345,65.586151,23.020275,37.579556,64.730003,89.191383,12.995484,25.139881,77.831017,56.542683,52.237530,128.038071
2025-07-31,87.534882,65.633690,23.001780,37.589516,65.150002,89.228210,12.870342,25.111555,77.840439,56.561745,52.322510,127.361702
2025-08-01,87.572243,66.021599,23.219372,37.659237,66.459999,89.227295,12.668191,25.261208,78.503120,57.119072,53.013496,125.871765
2025-08-04,87.581818,66.078773,23.247272,37.450069,66.849998,89.560677,12.629685,25.327511,78.626022,57.147755,53.146198,127.636192
2025-08-05,87.581818,66.097816,23.284468,37.460033,66.910004,89.495857,12.523797,25.327511,78.588211,57.099953,53.288380,127.381325
2025-08-06,87.610519,66.040649,23.377455,37.320591,66.769997,89.616241,12.494917,25.280155,78.616570,57.099953,53.004013,128.214523
2025-08-07,87.610519,66.031113,23.405350,37.529755,67.300003,89.551407,12.523797,25.318041,78.550385,57.071278,52.937672,128.449783
2025-08-08,87.639252,65.897682,23.442547,37.151268,67.300003,89.569939,12.504544,25.299095,78.351852,56.966125,52.738617,129.204529
2025-08-11,87.648827,65.916733,23.396051,37.260830,66.370003,89.551407,12.552675,25.318041,78.408585,56.975677,52.795490,128.861496
2025-08-12,87.658394,65.869102,23.516939,37.469994,66.269997,89.727364,12.504544,25.261208,78.484207,56.985241,52.549053,130.400436
2025-08-13,87.667961,66.107368,23.572733,37.649273,66.489998,89.986664,12.475665,25.355927,78.777267,57.138195,52.956627,131.057190
2025-08-14,87.677544,65.935806,23.479738,37.440113,66.080002,89.727364,12.523797,25.299095,78.578766,57.013920,52.586971,130.743530
2025-08-15,87.715843,65.764252,23.554132,37.569595,66.129997,89.755150,12.485291,25.232796,78.522018,56.956554,52.264690,130.743530
2025-08-18,87.715843,65.754723,23.489038,38.236923,66.010002,89.708847,12.504544,25.223318,78.427483,56.927879,52.141476,130.812134
2025-08-19,87.734985,65.859543,23.451843,38.406246,65.650002,89.699585,12.417907,25.232796,78.540932,57.023476,52.416351,130.214188
2025-08-20,87.754143,65.926277,23.489038,38.555645,66.320000,89.634773,12.543049,25.270681,78.569305,57.080837,52.501659,130.047562
2025-08-21,87.754143,65.783310,23.414650,38.306641,66.099998,89.477333,12.639312,25.270681,78.332962,56.947002,52.255219,129.577057
2025-08-22,87.782852,66.002525,23.619226,38.406246,66.790001,90.227448,12.668191,25.431702,78.824547,57.205120,52.634354,131.792358
2025-08-25,87.792435,65.897682,23.498341,38.007839,66.639999,90.116318,12.725949,25.403286,78.682732,57.128635,52.520618,130.929779
2025-08-26,87.802002,65.983459,23.554132,37.609432,67.120003,90.310791,12.639312,25.460119,78.805641,57.262466,52.511135,131.272842
2025-08-27,87.811569,66.031113,23.507643,37.679157,67.250000,90.449699,12.648938,25.507475,78.900177,57.358070,52.473221,131.331650
2025-08-28,87.821159,66.097816,23.591330,37.569595,67.739998,90.458969,12.735575,25.526423,78.966339,57.415424,52.776543,131.851181
2025-08-29,87.859451,66.040649,23.582033,37.131348,68.400002,90.301529,12.754827,25.507475,78.862358,57.434551,52.501659,131.125809
2025-09-02,87.880592,65.824646,23.492287,37.390312,70.050003,90.170250,12.956980,25.439974,78.680138,57.322338,52.151501,130.184769
2025-09-03,87.890198,66.044472,23.529678,37.689117,70.580002,90.449577,12.831838,25.516031,78.964859,57.437428,52.646286,130.665115
2025-09-04,87.909409,66.245178,23.529678,37.649273,70.269997,90.701004,12.745201,25.554058,79.401443,57.590874,52.988819,131.596344
2025-09-05,87.938232,66.493683,23.679253,37.549675,71.180000,90.794098,12.629685,25.649124,79.714645,57.773083,53.711956,131.723755
2025-09-08,87.947830,66.637047,23.716646,37.778755,72.010002,90.803413,12.725949,25.725180,79.866508,57.859413,54.311405,132.439331
2025-09-09,87.957443,66.560593,23.688599,37.649273,71.870003,90.691681,12.754827,25.677645,79.771599,57.773083,54.064014,132.566742
2025-09-10,87.967056,66.665710,23.725994,38.047680,72.120003,90.775482,12.851090,25.696657,79.951927,57.830635,54.339954,132.851044
2025-09-11,87.976654,66.761299,23.847523,38.057640,72.000000,91.036194,12.745201,25.753698,80.189194,57.868996,54.625393,134.164536
2025-09-12,88.005478,66.646599,23.838173,38.027760,72.160004,90.961700,12.812586,25.715672,80.046814,57.773083,54.406555,133.899872
2025-09-15,88.015083,66.723068,23.931658,38.197079,72.889999,91.241035,12.947353,25.734684,80.236649,57.840221,54.549278,134.654663
2025-09-16,88.024696,66.751747,24.015793,38.495888,73.070000,91.175865,13.072495,25.763206,80.227158,57.888180,54.625393,134.605637
2025-09-17,88.034294,66.684830,23.997093,38.585529,72.489998,91.064133,12.956980,25.734684,80.075325,57.773083,54.501701,134.409592
2025-09-18,88.043915,66.531906,23.931658,38.416206,72.199997,91.268982,12.875156,25.687153,80.008873,57.667595,54.016434,135.036942
2025-09-19,88.082329,66.570145,23.941006,38.525768,72.949997,91.334137,12.764454,25.649124,79.999382,57.667595,53.930805,135.221863
2025-09-22,88.091942,66.503250,23.969049,38.177162,74.209999,91.427269,12.754827,25.601591,79.866508,57.600460,53.759537,135.772720
2025-09-23,88.091942,66.570145,23.969049,37.858437,74.540001,91.371399,12.889596,25.668139,79.999382,57.705952,54.111580,135.261215
2025-09-24,88.111160,66.493683,23.866222,37.579556,73.849998,91.231728,12.976232,25.630112,79.771599,57.581284,53.921284,134.651352
2025-09-25,88.111160,66.426781,23.744690,37.460033,74.169998,90.943077,13.072495,25.573071,79.591278,57.485374,53.883232,133.893951
2025-09-26,88.139984,66.474556,23.819479,37.201069,74.589996,91.110680,13.082121,25.582579,79.657715,57.485374,53.816631,134.621857
2025-09-29,88.149582,66.598824,23.847523,37.171188,75.820000,91.306229,12.976232,25.611097,79.828545,57.571690,54.216251,135.133347
2025-09-30,88.149582,66.579704,23.847523,37.141308,76.449997,91.241035,12.928101,25.620605,79.828545,57.571690,54.102077,135.546478
2025-10-01,88.169838,66.698532,23.890739,37.380352,76.559998,91.417068,12.908848,25.658745,80.101044,57.739075,54.232903,136.244858
2025-10-02,88.179474,66.756050,23.862553,37.320591,76.320000,91.370239,12.802959,25.649208,80.186790,57.777557,54.385704,136.441605
2025-10-03,88.198753,66.708115,23.909527,37.390312,76.919998,91.257904,12.851090,25.620605,80.091499,57.681358,54.261555,136.805542
2025-10-06,88.218040,66.554779,23.909527,37.679157,78.389999,91.276619,12.985858,25.582464,79.929527,57.585159,53.898663,137.297363
2025-10-07,88.218040,66.650627,23.843767,37.738914,78.820000,91.173630,13.024364,25.639675,80.034332,57.700600,54.185158,136.451431
2025-10-08,88.237328,66.717697,23.890739,37.599476,80.089996,91.042557,13.053243,25.677813,79.939056,57.662117,54.223358,137.189163
2025-10-09,88.237328,66.669785,23.843767,37.709038,78.620003,90.761688,12.937726,25.639675,79.815201,57.652500,54.175602,136.471100
2025-10-10,88.275887,66.938110,23.731028,37.699074,79.440002,90.199921,12.668191,25.735025,79.977188,57.912235,54.939587,132.949661
2025-10-13,88.285530,67.033943,23.806183,37.818600,81.360001,90.742958,12.817398,25.773169,80.205849,57.960339,54.910934,135.074326
2025-10-14,88.285530,67.120178,23.815580,37.689117,81.980003,90.799133,12.677817,25.763630,80.348763,58.056526,55.101936,135.005478
2025-10-15,88.295158,67.139351,23.890739,38.416206,83.370003,91.136185,12.716322,25.744560,80.396408,58.008438,54.977779,135.762878
2025-10-16,88.304802,67.321449,23.965893,38.635330,85.279999,90.855309,12.697069,25.811302,80.596481,58.220078,55.378872,135.398941
2025-10-17,88.324074,67.244781,23.975288,38.854450,83.699997,91.042557,12.697069,25.773169,80.482155,58.123875,55.254723,135.821899
2025-10-20,88.343369,67.302269,24.022261,39.123371,86.690002,91.239189,12.822211,25.792233,80.606010,58.171982,55.464821,137.169479
2025-10-21,88.343369,67.359764,23.918921,38.934132,81.320000,91.164276,12.697069,25.849443,80.653656,58.239319,55.713112,136.815369
2025-10-22,88.362648,67.378937,23.928316,39.561619,81.199997,91.070641,12.889596,25.887587,80.672714,58.239319,55.751316,136.225189
2025-10-23,88.372276,67.273514,23.956499,39.163216,81.489998,91.239189,13.072495,25.839909,80.606010,58.104630,55.417076,137.120316
2025-10-24,88.401207,67.283119,23.984688,38.944092,81.230003,91.510696,13.091747,25.820841,80.758469,58.152737,55.426620,137.985916
2025-10-27,88.401207,67.340614,24.031656,39.153255,78.970001,91.772835,13.082121,25.820841,80.815643,58.123875,55.598518,139.363022
2025-10-28,88.410851,67.388527,24.097418,39.053654,78.389999,91.669861,12.937726,25.849443,80.806091,58.162354,55.713112,139.461395
2025-10-29,88.439774,67.120178,23.994081,39.083534,78.089996,91.398346,12.995484,25.706421,80.415466,57.873764,55.197426,139.274490
2025-10-30,88.439774,67.101036,23.937712,38.824570,79.629997,91.182999,13.033990,25.658745,80.186790,57.844894,54.939587,138.044937
2025-10-31,88.459045,67.120178,23.947107,38.585529,79.190002,91.182999,13.072495,25.706421,80.081978,57.892990,54.805893,138.290848
2025-11-03,88.471634,67.045227,23.955605,38.675171,79.370003,90.922234,13.207263,25.670063,79.961449,57.874660,54.684158,138.458069
2025-11-04,88.481316,67.064453,23.842293,38.456047,77.959999,90.903397,13.091747,25.689198,80.018852,57.932556,54.799183,136.717026
2025-11-05,88.490967,66.929916,23.946163,38.665207,78.870003,90.988121,13.072495,25.593519,79.827522,57.749199,54.233646,137.464584
2025-11-06,88.500641,67.064453,24.002817,38.217003,78.790001,91.035194,13.091747,25.650927,80.152771,57.971169,54.712914,136.235031
2025-11-07,88.529655,67.035645,24.050030,38.336525,79.260002,91.091682,13.120626,25.660498,80.114517,58.000122,54.607475,136.559631
2025-11-10,88.549004,67.045227,24.116125,38.565609,81.419998,91.402344,13.265020,25.670063,80.095367,57.932556,54.578716,138.467911
2025-11-11,88.539330,67.179764,24.153894,39.063614,81.750000,91.562401,13.342031,25.765738,80.401482,58.067673,54.818352,138.841690
2025-11-12,88.549004,67.150940,24.172783,38.854450,83.050003,91.345856,13.178384,25.717901,80.286697,58.067673,54.914200,139.176147
2025-11-13,88.558678,66.987579,24.191669,38.645287,82.419998,90.941055,13.130253,25.670063,80.066666,57.961521,54.530788,137.012115
2025-11-14,88.597359,66.872269,24.153894,38.924171,80.900002,90.969299,13.149505,25.641359,79.932755,57.903614,54.252819,136.962936
2025-11-17,88.597359,66.901100,24.135014,38.993893,79.989998,90.809250,13.130253,25.641359,79.932755,57.932556,54.396591,135.457947
2025-11-18,88.616707,66.920319,24.144451,38.964012,80.570000,90.762177,13.245769,25.670063,80.028419,58.029068,54.358253,134.444778
2025-11-19,88.616707,66.872269,24.125566,39.053654,80.699997,90.837486,13.111000,25.631794,79.999718,58.000122,54.300743,134.582504
2025-11-20,88.636047,66.929916,24.087797,39.013809,80.690002,90.818672,12.985858,25.641359,80.095367,58.106277,54.492455,132.526657
2025-11-21,88.655396,67.083672,24.031145,38.575565,80.529999,91.091682,12.918474,25.698765,80.382362,58.251038,54.626648,133.923447
2025-11-24,88.655396,67.150940,24.087797,38.665207,81.809998,91.355286,12.966606,25.717901,80.583244,58.289635,54.895031,135.546478
2025-11-25,88.674728,67.275871,24.201107,38.734928,81.790001,91.713028,12.908848,25.756172,80.793686,58.405445,55.077156,136.805542
2025-11-26,88.684410,67.333527,24.267204,38.954052,82.430000,91.854210,13.082121,25.813578,80.946747,58.424755,55.268860,137.926895
2025-11-28,88.713432,67.256653,24.293777,39.043694,83.459999,91.929550,13.236141,25.746603,80.879776,58.347542,55.019646,138.585938
2025-12-01,88.724098,67.032143,24.236839,38.774769,83.860001,91.776199,13.245769,25.663074,80.603241,58.159744,54.398224,137.926895
2025-12-02,88.753212,67.080322,24.293777,38.436127,83.320000,91.918182,13.188010,25.672674,80.660835,58.208145,54.446320,138.182648
2025-12-03,88.762909,67.147781,24.388676,38.127361,83.269997,92.060165,13.245769,25.720684,80.833687,58.285580,54.580997,138.753159
2025-12-04,88.772614,67.051422,24.379190,38.386326,83.330002,92.088570,13.284273,25.691879,80.680038,58.169430,54.311649,138.969543
2025-12-05,88.792007,66.945435,24.312757,38.495888,83.190002,92.088570,13.370910,25.643871,80.603241,58.072620,54.080784,139.244980
2025-12-08,88.801720,66.810539,24.265308,37.858437,82.980003,91.889778,13.207263,25.605471,80.487991,57.995171,53.898003,138.822021
2025-12-09,88.821114,66.829811,24.246328,38.037720,83.370003,91.757286,13.168758,25.567068,80.372757,57.917740,53.926865,138.664642
2025-12-10,88.821114,66.916527,24.312757,38.187122,83.730003,92.079102,13.265020,25.643871,80.670456,58.072620,54.138493,139.845001
2025-12-11,88.830818,66.916527,24.398165,38.157242,84.629997,92.069633,13.255395,25.624672,80.670456,58.091976,54.100021,140.228607
2025-12-12,88.869637,66.800903,24.369698,37.798679,85.099998,91.880333,13.120626,25.586267,80.363167,58.014534,53.638279,138.910538
2025-12-15,88.869637,66.877983,24.379190,37.938118,85.209999,91.974976,13.062868,25.567068,80.459183,58.072620,53.696007,138.910538
2025-12-16,88.879333,66.983963,24.436119,37.818600,85.220001,91.984451,12.937726,25.586267,80.574432,58.169430,53.965347,138.379379
2025-12-17,88.889030,66.955063,24.369698,37.798679,85.919998,91.880333,13.091747,25.605471,80.545624,58.179104,53.917248,137.110458
2025-12-18,88.903633,67.044716,24.436119,37.967999,85.779999,92.138145,13.014737,25.643871,80.773140,58.289814,54.143208,138.143295
2025-12-19,88.932861,66.927788,24.483572,38.680000,85.900002,92.109596,13.111000,25.592648,80.638161,58.202408,53.930767,139.308334
2025-12-22,88.932861,66.908287,24.512043,38.730000,87.870003,92.195229,13.270000,25.573320,80.618889,58.153854,53.872829,140.141205
2025-12-23,88.932861,66.986244,24.587961,38.849998,89.010002,92.271332,13.400000,25.582985,80.618889,58.105301,53.940422,140.805527
2025-12-24,88.962082,67.122673,24.654388,38.549999,88.699997,92.480621,13.420000,25.631311,80.888832,58.202408,54.220459,141.152557
2025-12-26,88.991310,67.132416,24.663877,38.459999,89.709999,92.433067,13.450000,25.621645,80.956329,58.270390,54.123894,141.291367
2025-12-29,88.991310,67.132416,24.557976,38.160000,85.800003,92.461601,13.340000,25.660305,81.043091,58.348087,54.288055,140.805527
2025-12-30,89.001053,67.132416,24.634300,38.299999,85.900002,92.566246,13.420000,25.650640,80.975601,58.309238,54.210804,140.775772
2025-12-31,89.010780,66.986244,24.634300,38.590000,85.370003,92.480621,13.250000,25.602316,80.744232,58.202408,53.882481,139.863586
2026-01-02,89.049728,66.976509,24.691544,39.000000,85.739998,92.509163,13.280000,25.592648,80.734581,58.182983,53.776260,140.894775
2026-01-05,89.049728,67.093430,24.720169,38.730000,88.000000,92.756516,13.530000,25.660305,80.908112,58.289814,54.008022,142.084595
2026-01-06,89.059494,67.132416,24.786953,38.529999,88.959999,92.794579,13.540000,25.640976,80.927414,58.280106,53.921112,142.917480
2026-01-07,89.078979,67.220139,24.739252,38.680000,88.110001,92.766022,13.410000,25.689299,80.937027,58.328659,54.210804,142.322540
2026-01-08,89.078979,67.161652,24.682003,38.270000,88.580002,92.842148,13.560000,25.640976,80.773140,58.212128,53.940422,142.421707
2026-01-09,89.098450,67.249359,24.672466,37.919998,89.230003,92.937279,13.560000,25.660305,80.898491,58.212128,54.239769,143.363647
2026-01-12,89.108208,67.239616,24.767874,38.220001,90.900002,92.927773,13.760000,25.669968,80.821350,58.182983,54.104584,144.008133
2026-01-13,89.117935,67.249359,24.758335,37.930000,90.769997,92.956299,13.860000,25.698963,80.985237,58.231548,54.181831,143.472702
2026-01-14,89.127678,67.376053,24.767874,38.130001,91.709999,92.984848,13.880000,25.708630,81.081665,58.309238,54.490837,143.373566
2026-01-15,89.127678,67.288338,24.796494,38.060001,91.129997,92.984848,13.770000,25.679636,80.956329,58.202408,54.461868,143.700760
2026-01-16,89.166634,67.210381,24.739252,37.799999,90.709999,93.060951,13.730000,25.631311,80.773140,58.066448,54.143208,143.700760
2026-01-20,89.166634,66.966759,24.786953,37.000000,94.139999,92.842148,13.930000,25.573320,80.483910,57.959621,53.515545,141.241791
2026-01-21,89.176384,67.103195,24.853741,36.849998,95.540001,93.098999,14.080000,25.640976,80.802071,58.047028,53.882481,142.897629
2026-01-22,89.186127,67.142174,24.996853,37.020000,97.320000,93.156082,14.090000,25.631311,80.821350,58.017891,54.075619,143.690842
2026-01-23,89.215340,67.181160,25.092260,36.590000,98.610001,93.108521,14.340000,25.689299,80.879189,58.066448,54.181831,143.968475
2026-01-26,89.215340,67.249359,25.139961,36.779999,100.059998,93.156082,14.420000,25.718294,80.956329,58.124718,54.423241,144.603043
2026-01-27,89.225090,67.210381,25.349863,36.959999,102.510002,93.146584,14.620000,25.718294,80.946686,58.115005,54.143208,145.802780
2026-01-28,89.234833,67.210381,25.302156,36.779999,106.440002,92.994354,14.820000,25.737623,80.898491,58.085873,54.027332,145.554916
2026-01-29,89.254311,67.307838,25.302156,36.930000,106.769997,93.003868,15.020000,25.747288,80.946686,58.153854,54.046642,145.475586
2026-01-30,89.273788,67.249359,25.092260,37.040001,96.010002,93.060951,14.520000,25.747288,80.937027,58.173279,53.814892,144.216354
2026-02-02,89.287468,67.185852,25.121969,37.990002,91.989998,93.175766,13.970000,25.679636,80.840248,58.096306,53.684025,144.910400
2026-02-03,89.287468,67.195625,25.198652,37.980000,97.870003,93.089653,14.330000,25.708630,80.859612,58.115799,53.771271,144.375000
2026-02-04,89.307007,67.224937,25.179482,38.139999,97.720001,92.917427,14.360000,25.689299,80.830574,58.115799,53.654945,143.899063
2026-02-05,89.307007,67.410622,25.083632,37.799999,95.209999,92.869591,14.120000,25.756952,81.149979,58.388588,54.197792,142.153976
2026-02-06,89.336327,67.410622,25.236992,38.020000,98.059998,93.194901,14.260000,25.776285,81.179024,58.359367,54.207489,145.217789
2026-02-09,89.336327,67.430153,25.371180,38.169998,100.580002,93.328865,14.400000,25.805279,81.208054,58.388588,54.226868,146.417511
2026-02-10,89.346092,67.615829,25.361593,38.369999,99.580002,93.281021,14.340000,25.863268,81.333893,58.534740,54.769726,146.328278
2026-02-11,89.365623,67.566978,25.390347,38.200001,100.669998,93.271454,14.490000,25.824610,81.266136,58.417824,54.507996,146.724899
2026-02-12,89.365623,67.752640,25.399937,37.880001,97.250000,93.166206,14.160000,25.921257,81.517792,58.661392,55.157482,144.722031
2026-02-13,89.404709,67.879684,25.380764,37.689999,99.610001,93.271454,14.170000,25.940586,81.779121,58.836761,55.428905,145.098801
2026-02-17,89.414482,67.938324,25.419102,37.980000,96.550003,93.185341,14.030000,25.921257,81.817841,58.797791,55.535534,145.049225
2026-02-18,89.424248,67.889458,25.342424,37.930000,98.660004,93.319298,14.410000,25.901926,81.750092,58.719852,55.341663,145.763123
2026-02-19,89.424248,67.938324,25.284912,37.230000,98.970001,93.338448,14.530000,25.911592,81.808167,58.749077,55.409519,145.435913
2026-02-20,89.453560,67.987183,25.371180,38.080002,100.879997,93.405411,14.640000,25.911592,81.827522,58.768562,55.302887,146.695160
2026-02-23,89.453560,68.094681,25.380764,37.459999,103.639999,93.290588,14.710000,25.930922,81.992073,58.943932,55.506451,145.406174
2026-02-24,89.473106,68.094681,25.390347,37.490002,102.209999,93.185341,14.700000,25.930922,81.914635,58.904964,55.564617,146.447266
2026-02-25,89.482864,68.065376,25.486198,37.590000,101.959999,93.348000,14.710000,25.959917,81.875916,58.865986,55.564617,147.647003
2026-02-26,89.492645,68.163078,25.476614,37.450001,102.830002,93.271454,14.720000,26.027571,81.963028,58.992649,55.777874,147.141342
2026-02-27,89.512184,68.319458,25.486198,37.270000,104.139999,93.051392,14.920000,26.046900,82.001747,59.168015,56.068687,146.586075
2026-03-02,89.524910,68.042183,25.197346,36.380001,105.540001,93.008095,15.360000,25.998573,81.732674,58.889545,55.569786,145.703644
2026-03-03,89.534714,67.934418,24.754444,35.840000,100.879997,92.796448,15.420000,25.969580,81.693825,58.840687,55.462811,142.818298
2026-03-04,89.544502,67.885422,24.908499,35.869999,101.620003,93.123535,15.560000,25.901926,81.684097,58.742977,55.307205,144.027954
2026-03-05,89.554291,67.630699,24.715931,35.900002,100.379997,92.719482,15.800000,25.911592,81.441254,58.625729,55.073811,142.352310
2026-03-06,89.573906,67.522926,24.638906,35.630001,101.970001,92.267334,16.379999,25.950253,81.237267,58.625729,54.898750,140.726212
2026-03-09,89.583694,67.669891,24.610018,35.560001,101.760002,92.767586,16.190001,25.998573,81.538406,58.723434,55.297482,142.025101
2026-03-10,89.593483,67.522926,24.802586,35.599998,102.889999,92.652138,16.440001,25.921257,81.208122,58.596420,54.801495,142.005264
2026-03-11,89.593483,67.219208,24.696676,35.119999,102.589996,92.459740,16.760000,25.882599,80.800148,58.440079,54.169361,141.826782
2026-03-12,89.613083,66.964485,24.388569,34.630001,100.599998,91.844055,17.209999,25.853605,80.324158,58.264198,54.023479,139.357910
2026-03-13,89.642464,66.886108,24.186373,34.230000,99.279999,91.632401,17.129999,25.805279,80.100746,58.254433,53.770634,138.336655
2026-03-16,89.642464,67.160439,24.388569,34.619999,99.199997,92.017212,16.900000,25.863268,80.421295,58.430309,54.169361,140.289948
2026-03-17,89.652267,67.297592,24.446339,34.540001,98.959999,92.382774,17.170000,25.969580,80.800148,58.508480,54.344414,140.815460
2026-03-18,89.671844,67.013466,24.205629,34.000000,95.809998,91.949875,17.459999,25.911592,80.343590,58.273975,54.023479,138.634125
2026-03-19,89.671844,67.082047,24.359680,33.910000,91.860001,92.151894,17.219999,25.882599,80.557312,58.254433,54.286064,138.366394
2026-03-20,89.701248,66.572594,24.003433,33.240002,89.070000,91.343796,17.330000,25.689299,79.799622,57.912449,53.274639,135.481262
2026-03-23,89.711037,66.846924,24.321167,33.970001,87.040001,91.872910,16.590000,25.669968,80.188164,58.049244,53.605293,137.747223
2026-03-24,89.720825,66.641159,24.118973,32.910000,87.070000,91.613167,16.879999,25.582985,80.032745,57.883137,53.391346,137.051529
2026-03-25,89.711037,66.935089,24.224888,33.799999,89.669998,91.921013,16.830000,25.660305,80.256172,58.068783,53.867874,138.313721
2026-03-26,89.730637,66.533409,24.032318,33.250000,86.330002,91.343796,17.020000,25.573320,79.663612,57.736568,53.430244,135.600525
2026-03-27,89.760010,66.474609,23.964920,32.650002,89.339996,91.064819,17.400000,25.544325,79.576195,57.814739,53.196842,133.791702
2026-03-30,89.769814,66.729347,23.907150,32.340000,89.320000,91.161011,17.500000,25.689299,79.945320,58.068783,53.848427,133.364365
2026-03-31,89.769814,66.964485,24.176746,33.220001,92.690002,92.084557,17.320000,25.718294,80.382439,58.186031,53.838703,137.468964
2026-04-01,89.793381,67.048988,24.313272,33.209999,94.300003,92.350578,17.100000,25.696039,80.493652,58.142902,53.805500,138.830521
2026-04-02,89.813034,67.078453,24.293903,33.240002,92.480003,92.592407,17.520000,25.812141,80.708237,58.221325,54.069157,138.512482
2026-04-06,89.832687,66.980202,24.313272,33.680000,92.129997,92.776192,17.549999,25.802462,80.571686,58.113487,54.000805,139.208191
2026-04-07,89.842506,67.039154,24.361687,33.779999,93.040001,92.785858,17.520000,25.821814,80.727753,58.221325,54.000805,139.267822
2026-04-08,89.842506,67.373215,24.874866,35.160000,93.629997,93.327560,17.010000,25.831488,80.991127,58.319359,54.196102,143.690445
2026-04-09,89.852333,67.274963,24.932962,35.000000,94.379997,93.414619,17.120001,25.841162,81.039894,58.329166,54.098454,144.058167
2026-04-10,89.881798,67.127586,24.991058,35.220001,94.209999,93.095406,16.969999,25.860512,80.913078,58.260540,53.961746,144.087967
2026-04-13,89.881798,67.245491,25.087885,35.279999,93.839996,93.424301,17.270000,25.918560,81.156944,58.358570,54.127750,145.499222
2026-04-14,89.891632,67.432175,25.165348,35.529999,95.900002,93.704819,17.180000,25.986284,81.381310,58.486019,54.401169,147.178833
2026-04-15,89.901459,67.324097,25.165348,35.590000,94.910004,93.646782,17.230000,25.957260,81.313026,58.417389,54.186340,147.705582
2026-04-16,89.911270,67.255318,25.097569,35.689999,94.839996,93.550049,17.350000,25.908888,81.088661,58.358570,53.893387,147.874527
2026-04-17,89.940742,67.550079,25.262177,36.630001,96.040001,93.907967,16.840000,25.976610,81.430077,58.584042,54.342587,149.911911
2026-04-20,89.950569,67.500946,25.242813,36.029999,95.260002,93.820900,17.100000,25.966934,81.449585,58.544834,54.332821,149.554123
2026-04-21,89.960403,67.274963,25.039474,35.580002,92.580002,93.588745,17.400000,25.908888,81.176460,58.348766,54.020332,147.844711
2026-04-22,89.960403,67.353584,25.029793,35.689999,93.809998,93.743530,17.590000,25.947582,81.264259,58.387989,54.137516,149.176483
2026-04-23,89.980042,67.235664,24.865185,35.299999,92.889999,93.579063,17.840000,25.995956,81.098419,58.309555,54.020332,148.232315
2026-04-24,89.999695,67.343750,24.923279,35.360001,93.339996,93.724174,17.790001,26.034655,81.205719,58.407589,54.127750,149.414993
2026-04-27,90.009521,67.235664,24.865185,35.299999,92.629997,93.743530,17.950001,26.034655,81.039894,58.338963,53.883625,149.395126
2026-04-28,90.019341,67.147232,24.826454,35.220001,90.919998,93.637115,18.070000,26.034655,80.991127,58.270340,53.922680,148.540421
2026-04-29,90.019341,66.931084,24.603752,35.099998,89.970001,93.346916,18.500000,25.957260,80.620461,58.064476,53.502785,148.023605
2026-04-30,90.029175,67.048988,24.748991,35.369999,91.370003,93.666130,18.530001,25.995956,80.815544,58.123299,53.483253,150.269699
2026-05-01,90.058731,67.151451,24.746073,35.220001,91.209999,93.760475,18.370001,26.079460,80.870392,58.179348,53.649902,150.508240
2026-05-04,90.078430,66.964249,24.600050,34.889999,89.379997,93.468689,18.680000,26.021202,80.664726,58.031830,53.287201,149.633636
2026-05-05,90.088280,67.062782,24.687664,35.240002,90.129997,93.585403,18.590000,26.001785,80.801834,58.061340,53.532269,151.184036
2026-05-06,90.078430,67.358383,24.950502,35.869999,92.849998,93.896645,18.030001,26.030912,81.154388,58.277695,53.943977,154.105957
2026-05-07,90.098145,67.210579,24.950502,35.689999,93.050003,93.565933,18.049999,26.001785,80.889961,58.169518,53.708714,152.774200
2026-05-08,90.117851,67.358383,25.028381,35.669998,93.489998,93.877182,18.070000,26.079460,81.173965,58.258026,53.934181,154.225204
2026-05-11,90.137558,67.161308,24.940771,34.720001,93.690002,93.682663,18.549999,26.069752,80.997696,58.130180,53.640095,154.364349
2026-05-12,90.147400,66.964249,24.843420,34.070000,93.320000,93.546494,18.910000,26.001785,80.782242,57.992500,53.306812,153.400330
2026-05-13,90.147400,67.033218,24.833687,34.470001,92.779999,93.546494,18.700001,26.011496,80.850792,58.002335,53.208782,154.443848
2026-05-14,90.167114,67.062782,24.794746,34.759998,92.089996,93.488136,18.600000,25.992073,80.752869,57.943325,53.267601,155.060043
2026-05-15,90.186813,66.599655,24.541639,34.430000,89.980003,93.099098,18.610001,25.885271,80.302383,57.648300,52.522598,152.575439
2026-05-18,90.186813,66.668640,24.590313,34.270000,90.190002,93.147720,18.719999,25.865852,80.204460,57.648300,52.463779,152.764267
2026-05-19,90.206535,66.481422,24.415087,33.889999,88.699997,92.924026,18.840000,25.778465,79.851913,57.490952,52.140293,151.690918
2026-05-20,90.226234,66.865715,24.609783,34.369999,89.959999,93.488136,18.420000,25.836725,80.390526,57.746647,52.669632,153.678604
2026-05-21,90.226234,66.974106,24.658459,34.410000,89.870003,93.565933,18.309999,25.846434,80.439491,57.776150,52.846081,154.255035
2026-05-22,90.245926,67.062782,24.668194,34.669998,89.209999,93.614578,18.200001,25.856142,80.517838,57.756477,53.061745,154.612823
2026-05-26,90.265648,67.249992,24.794746,34.790001,89.209999,93.916084,17.910000,25.943527,80.831215,57.953163,53.365620,156.411682
2026-05-27,90.275505,67.299263,24.794746,34.820000,88.050003,93.877182,17.600000,25.972656,80.889961,57.972832,53.473450,156.193039
2026-05-28,90.285347,67.397797,24.882359,34.910000,88.970001,93.974457,17.719999,26.040621,81.027061,58.051502,53.728321,156.898666
2026-05-29,90.314926,67.456909,24.940771,34.930000,89.930000,94.120338,17.620001,26.050329,81.134796,58.110508,53.757729,157.147125
2026-06-01,90.323807,67.374893,24.969156,34.509998,88.650002,94.045044,17.870001,26.053263,81.076775,58.025658,53.751820,157.624191
2026-06-02,90.313919,67.444069,24.998520,34.509998,88.779999,94.084160,17.980000,26.053263,81.066940,58.045395,53.879753,158.369568
2026-06-03,90.333694,67.266197,24.861486,33.990002,87.930000,93.878807,18.049999,26.014133,80.889946,57.936859,53.663254,156.978165
2026-06-04,90.333694,67.345245,24.890852,34.450001,88.669998,94.025490,17.850000,26.014133,80.998108,58.015789,53.791187,157.564545
2026-06-05,90.373222,67.147614,24.616789,33.970001,85.419998,93.614777,17.459999,25.896730,80.545769,57.778996,53.476276,152.734436
2026-06-08,90.383102,67.088326,24.577635,33.889999,85.629997,93.683220,17.620001,25.847813,80.535942,57.749390,53.259766,153.529510
2026-06-09,90.383102,67.177261,24.685301,34.110001,84.260002,93.800568,17.379999,25.906513,80.712944,57.857925,53.525478,153.350632
2026-06-10,90.392982,67.098206,24.655941,33.939999,80.769997,93.614777,17.430000,25.867382,80.604782,57.808594,53.387707,150.985260
2026-06-11,90.402870,67.473717,24.910429,34.240002,83.230003,94.152618,17.240000,25.955433,81.135780,58.104588,54.047054,154.652573
2026-06-12,90.432510,67.493484,24.978941,34.619999,83.320000,94.172173,17.059999,25.965216,81.076775,58.035526,53.899441,155.328369
2026-06-15,90.432510,67.533005,25.204067,35.279999,85.510002,94.318863,16.889999,25.994564,81.125954,58.094727,53.909279,157.743439
2026-06-16,90.442383,67.641708,25.262794,35.360001,85.750000,94.299301,16.670000,25.994564,81.214447,58.193390,54.174988,157.017929
2026-06-17,90.452271,67.493484,25.047459,35.119999,83.779999,93.937469,16.540001,25.828245,80.850609,57.897392,54.165146,155.447647
2026-06-18,90.491806,67.602188,25.037670,35.470001,83.440002,94.260185,16.500000,25.916298,81.106285,58.055256,54.430855,157.256012
2026-06-22,90.491806,67.473717,25.018093,35.950001,82.919998,94.172173,16.360001,25.808680,80.919441,57.907261,54.066738,157.156250
2026-06-23,90.501686,67.582413,24.871273,35.360001,81.339996,94.123276,16.180000,25.808680,80.998108,57.976322,54.145470,153.934540
2026-06-24,90.511559,67.819588,24.832123,35.689999,78.889999,94.064606,15.780000,25.896730,81.312782,58.213123,54.824497,153.864716
2026-06-25,90.521446,67.839355,24.910429,35.564999,79.660004,94.152618,16.110001,25.945648,81.411125,58.262455,54.794971,154.453201
2026-06-26,90.551094,67.868996,24.988731,35.660000,80.610001,94.093948,15.870000,25.994564,81.529114,58.370991,54.834339,153.555511
2026-06-29,90.560982,67.908524,25.047459,35.400002,79.449997,94.269966,15.840000,26.023916,81.578285,58.380856,54.893383,155.430695
2026-06-30,90.560982,67.720757,25.018093,35.570000,79.419998,94.240631,15.880000,25.926083,81.273445,58.193390,54.302921,156.547821
2026-07-01,90.588737,67.605812,24.953129,35.419998,79.919998,94.280945,15.780000,25.887606,81.147079,58.102329,53.994720,155.719940
2026-07-02,90.628380,67.585983,25.061405,35.660000,81.540001,94.389107,15.870000,25.936934,81.295166,58.201309,54.024349,155.769821
2026-07-06,90.618462,67.615723,25.189369,35.919998,82.389999,94.546440,16.100000,25.946798,81.344528,58.211208,53.965088,157.405609
2026-07-07,90.638290,67.338234,25.081093,35.430000,81.410004,94.448112,16.320000,25.887606,80.910110,58.013245,53.441532,155.939377
2026-07-08,90.638290,67.149956,24.992502,34.990002,80.699997,94.300613,16.620001,25.858007,80.781761,57.924164,53.303238,155.410736
2026-07-09,90.648201,67.318420,25.041721,35.290001,81.540001,94.398941,16.420000,25.877739,80.880501,58.013245,53.392139,156.597687
2026-07-10,90.687843,67.328331,25.149996,35.410000,81.290001,94.330101,16.440001,25.877739,80.771889,57.963757,53.392139,157.226089
2026-07-13,90.687843,67.090485,24.992502,35.009998,79.169998,94.162949,16.900000,25.828411,80.416458,57.805386,53.085918,155.410736
2026-07-14,90.697754,67.229225,25.081093,35.029999,80.250000,94.300613,17.080000,25.848143,80.663284,57.953857,53.184700,156.378250
2026-07-15,90.707657,67.338234,25.140154,35.029999,80.239998,94.467766,17.170000,25.858007,80.890366,58.072632,53.313118,156.886948
2026-07-16,90.717575,67.288689,25.051563,34.990002,78.720001,94.477608,16.959999,25.838276,80.831131,58.052841,53.293362,155.729935
2026-07-17,90.737404,67.268867,24.962973,35.139999,79.449997,94.379280,17.250000,25.907337,80.900253,58.082531,53.441532,154.383377
2026-07-20,90.747307,67.149956,24.972816,34.880001,79.269997,94.349770,17.379999,25.858007,80.673157,57.963757,53.095795,153.894638
2026-07-21,90.747307,67.050858,24.972816,35.029999,80.820000,94.300613,17.650000,25.828411,80.495445,57.844975,52.937740,155.739899
2026-07-22,90.767136,66.991386,24.953129,34.660000,81.739998,94.153107,17.809999,25.788946,80.337479,57.745991,52.769810,155.620209
2026-07-23,90.767136,66.852646,24.756258,34.200001,80.110001,93.808952,18.059999,25.719887,80.090645,57.637115,52.601883,153.914581
2026-07-24,90.796867,66.961662,24.815321,34.509998,80.190002,93.799110,17.950001,25.739620,80.159760,57.726200,52.690784,153.804871
2026-07-27,90.806786,67.100395,24.894070,35.099998,80.779999,93.867950,17.340000,25.700157,80.288116,57.805386,52.967377,154.054230
2026-07-28,90.816689,67.209404,24.962973,35.439999,79.660004,94.015442,17.059999,25.759354,80.475700,57.943954,53.253845,153.954483
2026-07-29,90.826607,66.971573,24.913755,35.290001,80.019997,93.799110,17.570000,25.788946,80.228874,57.835079,52.483341,151.829941
2026-07-30,90.836525,67.040947,25.110622,35.590000,81.330002,94.064613,17.500000,25.769218,80.347343,57.854877,52.453709,155.051666
2026-07-31,90.866249,66.852646,25.071249,35.680000,80.139999,94.084282,17.559999,25.739620,80.228874,57.755894,52.127720,155.460617
2026-08-03,90.879166,67.102135,25.110825,35.919998,80.139999,94.377937,17.250000,25.745586,80.419235,57.850243,52.321136,157.206131
2026-08-04,90.879166,67.320801,25.249342,36.250000,80.699997,94.674568,16.900000,25.795330,80.825737,58.029007,52.727802,160.038849
2026-08-05,90.889107,67.350624,25.318598,36.080002,84.029999,94.595467,16.980000,25.795330,80.795998,58.058796,52.817074,159.759567
2026-08-06,90.908989,67.181641,25.279022,36.009998,84.029999,94.536140,17.230000,25.775433,80.587784,57.909832,52.509590,159.510208
2026-08-07,90.938820,67.281044,25.447220,36.180000,85.949997,94.733894,17.250000,25.825172,80.726593,58.019070,52.648457,160.886673
2026-08-10,90.938820,67.062370,25.348282,36.040001,86.809998,94.575699,17.830000,25.775433,80.379570,57.860168,52.251705,160.557526
2026-08-11,90.948753,67.112068,25.318598,36.029999,86.459999,94.615250,17.910000,25.765484,80.419235,57.909832,52.331055,160.407913
2026-08-12,90.968636,67.131950,25.318598,35.869999,87.330002,94.773445,17.969999,25.775433,80.508469,57.959488,52.311218,161.116089
2026-08-13,90.968636,67.290977,25.377964,35.930000,86.050003,94.961319,17.770000,25.825172,80.776176,58.128319,52.618694,161.973877
2026-08-14,90.988518,67.102135,25.368067,35.770000,86.580002,94.892105,17.910000,25.805277,80.538216,58.029007,52.291382,161.834244
2026-08-17,91.008400,66.962982,25.358173,35.680000,87.449997,94.773445,18.209999,25.745586,80.330002,57.979347,51.944225,161.415314
2026-08-18,91.018333,66.962982,25.318598,35.529999,85.980003,94.664688,18.200001,25.805277,80.379570,57.999214,52.093006,159.649857
2026-08-19,91.028282,67.231346,25.536266,35.650002,89.290001,94.882217,18.330000,25.924654,80.726593,58.138248,52.876587,160.288208
2026-08-20,91.028282,67.072311,25.447220,35.660000,89.589996,94.694344,18.549999,25.934601,80.409317,57.989281,52.509590,159.520172
2026-08-21,91.058098,66.982857,25.575842,35.680000,91.320000,94.793228,18.650000,25.825172,80.359749,57.919762,52.321136,160.358032
2026-08-24,91.068047,67.092194,25.546160,35.520000,92.019997,94.872322,18.469999,25.855017,80.478722,57.969418,52.618694,159.689758
2026-08-25,91.077988,67.390381,25.635206,36.160000,92.349998,95.119522,18.170000,25.954498,80.885231,58.187908,53.124554,160.577469
2026-08-26,91.087921,67.271103,25.556055,35.770000,90.900002,95.099747,18.180000,25.924654,80.786087,58.098522,53.025364,160.457779
2026-08-27,91.087921,67.141891,25.496691,35.689999,91.169998,95.050301,18.420000,25.904758,80.746429,58.058796,52.916260,161.155991
2026-08-28,91.107819,67.002739,25.298811,35.689999,88.199997,94.892105,18.389999,25.795330,80.458893,57.840313,52.747643,160.597412
2026-08-31,91.117760,66.933151,25.338387,35.669998,88.110001,94.981094,18.650000,25.775433,80.399399,57.810516,52.549267,160.138596
2026-09-01,91.127716,66.749702,25.288666,35.560001,85.589996,94.664917,19.049999,25.762461,80.040970,57.676960,52.345104,158.901764
2026-09-02,91.137695,66.739738,25.368221,35.880001,86.889999,94.664917,19.059999,25.762461,80.110664,57.726795,52.404858,159.699722
2026-09-03,91.157631,66.899254,25.487553,35.919998,88.519997,94.754402,19.090000,25.792395,80.190315,57.776630,52.484531,161.345490
2026-09-04,91.187546,66.939140,25.487553,35.849998,87.730003,94.724571,19.010000,25.782417,80.180359,57.736763,52.564205,161.315567
2026-09-08,91.197517,66.869347,25.467667,35.270000,86.230003,94.664917,19.299999,25.812351,80.110664,57.686932,52.544285,160.507645
2026-09-09,91.197517,66.679916,25.447777,34.980000,87.029999,94.495888,19.600000,25.752483,79.961311,57.567326,52.285351,159.480286
2026-09-10,91.207489,66.291084,25.318499,34.580002,85.510002,94.088234,20.049999,25.642731,79.353958,57.248394,51.667885,158.123764
2026-09-11,91.237404,66.271141,25.298611,34.930000,86.000000,94.068352,19.790001,25.532974,79.254395,57.148731,51.687805,159.530167
2026-09-14,91.237404,66.201355,25.099722,34.860001,84.730003,93.949036,19.780001,25.532974,79.194664,57.088928,51.727638,158.323257
2026-09-15,91.247375,66.141525,25.049999,34.279999,85.000000,93.760124,20.100000,25.513018,79.164795,57.049065,51.598171,157.625046
2026-09-16,91.247375,66.201355,24.940611,34.130001,84.529999,93.849609,19.799999,25.413240,79.204620,56.979294,51.677841,157.006653
2026-09-17,91.267319,66.490486,25.099722,34.560001,85.949997,94.197601,19.709999,25.483086,79.632751,57.208530,52.225594,158.812012
2026-09-18,91.287262,66.301056,25.049999,34.549999,86.589996,94.008698,19.660000,25.383308,79.344009,56.989265,51.857109,158.550003
2026-09-21,91.307205,66.510422,25.159388,34.900002,85.959999,94.167778,19.440001,25.483086,79.573006,57.118832,52.205673,160.889999
2026-09-22,91.307205,66.540337,25.189222,34.750000,86.330002,94.177719,19.360001,25.463131,79.602875,57.128796,52.195717,161.240005
2026-09-23,91.327141,66.031868,24.900835,34.580002,84.750000,93.432014,19.610001,25.273554,78.796394,56.700230,51.379070,159.330002
2026-09-24,91.317177,65.842430,24.771555,34.240002,84.519997,93.143677,19.799999,25.143845,78.358307,56.520832,50.791481,159.050003
2026-09-25,91.357063,65.952103,24.821278,34.439999,84.889999,93.074074,19.500000,25.213688,78.497696,56.710201,50.771564,160.029999
2026-09-28,91.367027,65.702850,24.632334,33.779999,81.559998,92.626656,19.370001,25.113911,78.049652,56.510864,50.363239,158.809998
2026-09-29,91.386978,65.682907,24.622389,33.730000,82.639999,92.378082,19.090000,25.093954,78.029739,56.510864,50.164059,158.449997
2026-09-30,91.376999,65.653000,24.691999,33.490002,82.180000,92.219002,19.299999,25.073999,77.969994,56.470997,49.934998,157.850006
2026-10-01,91.410004,65.760002,24.530001,33.279999,82.610001,92.300003,19.559999,25.150000,78.129997,56.639999,50.070000,157.800003
2026-10-02,91.430000,65.750000,24.620001,33.459999,82.050003,92.389999,19.440001,25.100000,77.980003,56.529999,49.919998,159.130005
2026-10-05,91.440002,65.699997,24.690001,33.470001,81.900002,92.519997,19.250000,25.080000,77.989998,56.509998,49.680000,160.110001
2026-10-06,91.449997,65.809998,24.830000,33.520000,82.449997,92.879997,19.459999,25.120001,78.239998,56.599998,49.790001,160.699997
2026-10-07,91.459999,65.760002,24.770000,33.119999,81.110001,92.760002,19.410000,25.129999,78.269997,56.610001,49.730000,159.639999
